Name, Current Density (%WT),DV1/2 Act,GV Slope (% WT),DV1/2 SSI,SSI Slope (%WT),Tau Fast (%WT),Tau Slow (%WT),% Fast,UDB20,Tau 0mV (%WT),Ramp (%WT),Persistent (%WT),Time to Peak, Bottom Inact
Name, 1-Current Density,2-DV1/2 Act,3-GV Slope,4-DV1/2 SSI,5-SSI Slope,6-Tau Fast,7-Tau Slow,8-% Fast,9-UDB20,10-Tau 0mV,11-Ramp,12-Persistent,13-Time to Peak, Bottom Inact
mut1_1,28.97,0,100,0,100,100,100,100,100,100,100,100,0,0
mut1_2,73.8275,0,100,0,100,100,100,100,100,100,100,100,0,0
mut1_3,163.5425,0,100,0,100,100,100,100,100,100,100,100,0,0
mut1_4,208.4,0,100,0,100,100,100,100,100,100,100,100,0,0
mut2_1,100,-4.938,100,0,100,100,100,100,100,100,100,100,0,0
mut2_2,100,-1.4635,100,0,100,100,100,100,100,100,100,100,0,0
mut2_3,100,5.4855,100,0,100,100,100,100,100,100,100,100,0,0
mut2_4,100,8.96,100,0,100,100,100,100,100,100,100,100,0,0
mut3_1,100,0,80.41,0,100,100,100,100,100,100,100,100,0,0
mut3_2,100,0,95.6575,0,100,100,100,100,100,100,100,100,0,0
mut3_3,100,0,126.1525,0,100,100,100,100,100,100,100,100,0,0
mut3_4,100,0,141.4,0,100,100,100,100,100,100,100,100,0,0
mut4_1,100,0,100,-11.56,100,100,100,100,100,100,100,100,0,0
mut4_2,100,0,100,-5.47,100,100,100,100,100,100,100,100,0,0
mut4_3,100,0,100,6.71,100,100,100,100,100,100,100,100,0,0
mut4_4,100,0,100,12.8,100,100,100,100,100,100,100,100,0,0
mut5_1,100,0,100,0,79.88,100,100,100,100,100,100,100,0,0
mut5_2,100,0,100,0,91.235,100,100,100,100,100,100,100,0,0
mut5_3,100,0,100,0,113.945,100,100,100,100,100,100,100,0,0
mut5_4,100,0,100,0,125.3,100,100,100,100,100,100,100,0,0

mut6_1,100,0,100,0,100,5.743,100,100,100,100,100,100,0,0
mut6_2,100,0,100,0,100,237.28225,100,100,100,100,100,100,0,0
mut6_3,100,0,100,0,100,700.36075,100,100,100,100,100,100,0,0
mut6_4,100,0,100,0,100,931.9,100,100,100,100,100,100,0,0
mut7_1,100,0,100,0,100,100,74.51,100,100,100,100,100,0,0
mut7_2,100,0,100,0,100,100,91.0075,100,100,100,100,100,0,0
mut7_3,100,0,100,0,100,100,124.0025,100,100,100,100,100,0,0
mut7_4,100,0,100,0,100,100,140.5,100,100,100,100,100,0,0
mut_TF,100,0,100,0,100,80,440.5,100,100,100,100,100,0,0
mut_TF2,100,0,100,0,100,90,440.5,100,100,100,100,100,0,0
mut8_1,100,0,100,0,100,100,100,66.86,100,100,100,100,0,0
mut8_2,100,0,100,0,100,100,100,81.12,100,100,100,100,0,0
mut8_3,100,0,100,0,100,100,100,109.64,100,100,100,100,0,0
mut8_4,100,0,100,0,100,100,100,123.9,100,100,100,100,0,0

mut9_1,100,0,100,0,100,100,100,100,88.27,100,100,100,0,0
mut9_2,100,0,100,0,100,100,100,100,93.6525,100,100,100,0,0
mut9_3,100,0,100,0,100,100,100,100,104.4175,100,100,100,0,0
mut9_4,100,0,100,0,100,100,100,100,109.8,100,100,100,0,0
mut10_1,100,0,100,0,100,100,100,100,100,70.46,100,100,0,0
mut10_2,100,0,100,0,100,100,100,100,100,110.895,100,100,0,0
mut10_3,100,0,100,0,100,100,100,100,100,191.765,100,100,0,0
mut10_4,100,0,100,0,100,100,100,100,100,232.2,100,100,0,0
mut11_1,100,0,100,0,100,100,100,100,100,100,74.74,100,0,0
mut11_2,100,0,100,0,100,100,100,100,100,100,112.28,100,0,0
mut11_3,100,0,100,0,100,100,100,100,100,100,187.36,100,0,0
mut11_4,100,0,100,0,100,100,100,100,100,100,224.9,100,0,0
mut12_1,100,0,100,0,100,100,100,100,100,100,100,48.3,0,0
mut12_2,100,0,100,0,100,100,100,100,100,100,100,99.125,0,0
mut12_3,100,0,100,0,100,100,100,100,100,100,100,200.775,0,0
mut12_4,100,0,100,0,100,100,100,100,100,100,100,251.6,0,0
mut13_1,100,0,100,0,100,100,100,100,100,100,100,100,-1,0
mut13_2,100,0,100,0,100,100,100,100,100,100,100,100,-0.5,0
mut13_3,100,0,100,0,100,100,100,100,100,100,100,100,0.5,0
mut13_4,100,0,100,0,100,100,100,100,100,100,100,100,1,0

mut_shift_ssi_act,100,-8,100,-8,100,100,100,100,100,100,100,100,0,0
mut_shift_ssi_act_na16_debug,100,-8,100,-8,100,100,100,100,100,100,100,100,0,0
mut_shift_ssi_act_na16_regular,100,-8,100,-8,100,100,100,100,100,100,100,100,0,0
mut_shift_ssi_act_na12mut8_debug,100,-8,100,-8,100,100,100,100,100,100,100,100,0,0
mut_shift_ssi_act_na12mut8_regular,100,-8,100,-8,100,100,100,100,100,100,100,100,0,0
R850R,8.96,122.40,-3.81,100,158.69,134.07,100,100,106.92,120.6,65.07,100,100,0,0
mut_tau_150_2,100,0,100,0,100,100,100,100,100,100,100,100,0.3,0
mut_tau_150_3,100,0,100,0,100,100,100,100,100,100,100,100,0.35,0
mut_tau_150_4,100,0,100,0,100,100,100,100,100,100,100,100,0.1,0
mut_tau_150_5,100,0,100,0,100,100,100,100,100,100,100,100,0.2,0
mut_16to12_2,100,-5.3,100,-5.3,100,100,100,100,100,100,100,100,0,0
mut_16to12_3,100,-5.3,100,-10.1,100,100,100,100,100,100,100,100,0,0
ttp_shift_16,100,0,100,0,100,100,100,100,100,100,100,100,0.2,0
Basis,100,0,100,0,100,100,100,100,100,100,100,100,0,0
Basis1,100,0,100,0,100,100,100,100,100,100,100,100,0,0
TestBasis,100,0,100,0,100,100,100,100,100,100,100,100,0,0
NA16_MUT_TA,51.0480763311789,12.26,168.575628603592,22.99,131.064302605183,100,100,100,100;151.940227026708,525.56121486512,678.233438485804,242.986091546266,0.486903184523148,0.15,678.233438485804
mut_TF3,100,0,50,0,100,80,440.5,100,100,100,100,100,0,0
mut_TF4,100,0,75,0,100,80,440.5,100,100,100,100,100,0,0
mut_TF5,100,0,150,0,100,80,440.5,100,100,100,100,100,0,0
mut_TF6,100,0,200,0,100,80,440.5,100,100,100,100,100,0,0
mut_TF7,100,0,300,0,100,80,440.5,100,100,100,100,100,0,0
mut16MORAN,51.04807633,12.26,168.5756286,22.99,131.0643026,100,100,100,151.94022702,525.5612149,678.2334385,242.9860915,0.486903185,0.15
R850P,73.67,8.96,122.40,-3.81,106,158.69,134.07,91,100,106.92,120.6,65.07,0,0
mut10_1_TTP1,100,0,100,0,100,100,100,100,100,70.46,100,100,0.1,0
mut10_1_TTP2,100,0,100,0,100,100,100,100,100,70.46,100,100,0.5,0
mut10_1_TTP3,100,0,100,0,100,100,100,100,100,70.46,100,100,1,0
mut10_1_TTP4,100,0,100,0,100,100,100,100,100,70.46,100,100,2,0
mut10_1_TTP5,100,0,100,0,100,100,100,100,100,70.46,100,100,5,0
mut10_1_TTP6,100,0,100,0,100,100,100,100,100,70.46,100,100,10,0
mut10_1_TTP7,100,0,100,0,100,100,100,100,100,70.46,100,100,100,0
mut10_1_TTP8,100,0,100,0,100,100,100,100,100,70.46,100,100,0.6,0
mut10_1_TTP9,100,0,100,0,100,100,100,100,100,70.46,100,100,0.7,0
mut10_1_TTP10,100,0,100,0,100,100,100,100,100,70.46,100,100,0.8,0
mut10_2_TTP8,100,0,100,0,100,100,100,100,100,110.895,100,100,0.6,0
mut10_3_TTP8,100,0,100,0,100,100,100,100,100,191.765,100,100,0.6,0
mut10_4_TTP8,100,0,100,0,100,100,100,100,100,232.2,100,100,0.6,0
mut10_5_TTP8,100,0,100,0,100,100,100,100,100,25,100,100,0.6,0
mut10_6_TTP8,100,0,100,0,100,100,100,100,100,50,100,100,0.6,0
mut10_7_TTP8,100,0,100,0,100,100,100,100,100,275,100,100,0.6,0
mut10_8_TTP8,100,0,100,0,100,100,100,100,100,310,100,100,0.6,0
mut10_9_TTP8,100,0,100,0,100,100,100,100,100,5,100,100,0.6,0
mut10_10_TTP8,100,0,100,0,100,100,100,100,100,10,100,100,0.6,0
mut10_11_TTP8,100,0,100,0,100,100,100,100,100,15,100,100,0.6,0
mut10_12_TTP8,100,0,100,0,100,100,100,100,100,20,100,100,0.6,0
mut10_5,100,0,100,0,100,100,100,100,100,25,100,100,0,0
mut10_9,100,0,100,0,100,100,100,100,100,5,100,100,0,0
mut10_10,100,0,100,0,100,100,100,100,100,10,100,100,0,0
mut10_11,100,0,100,0,100,100,100,100,100,15,100,100,0,0
mut10_12,100,0,100,0,100,100,100,100,100,20,100,100,0,0
mut10_13,100,0,100,0,100,100,100,100,100,1,100,100,0,0
F257I,73.28826055,1.583851294,122.0981165,6.471445159,108.596482,236.3481015,120.8928618,84.10400833,97.75070114,124.2949592,139.0808576,137.2931494,0,0
R1319G,105.1645867,3.197167532,109.6407672,1.961059524,135.1124652,305.0969102,138.6741055,89.04080526,95.60299767,130.5770496,83.13910118,70.03362525,0,0
K1480E,59.46614727,4.5173647,127.3240609,3.63443633,143.0379062,426.105051,184.2395968,89.75719662,96.64099452,124.3967998,78.02008135,85.844831,0,0
R1882Q,100,3.896,100,6.598,100,188.1,100,100,100,131.6,100,100,0,0
M1879T,100,3.693,100,12.8,100,100,78.61,100,96.1,194.6,204.4,100,0,0
mut3_5,100,0,200,0,100,100,100,100,100,100,100,100,0,0
mut3_6,100,0,300,0,100,100,100,100,100,100,100,100,0,0
mut3_7,100,0,350,0,100,100,100,100,100,100,100,100,0,0
mut3_8,100,0,400,0,100,100,100,100,100,100,100,100,0,0
mut3_9,100,0,500,0,100,100,100,100,100,100,100,100,0,0
mut11_5,100,0,100,0,100,100,100,100,100,100,25,100,0,0
mut11_6,100,0,100,0,100,100,100,100,100,100,50,100,0,0
mut11_7,100,0,100,0,100,100,100,100,100,100,300,100,0,0
mut11_8,100,0,100,0,100,100,100,100,100,100,400,100,0,0
mut11_9,100,0,100,0,100,100,100,100,100,100,5,100,0,0
mut11_10,100,0,100,0,100,100,100,100,100,100,1,100,0,0
mut11_11,100,0,100,0,100,100,100,100,100,100,500,100,0,0
mut24_1,100,-100,100,-100,100,100,100,100,100,100,100,100,0,0
mut24_2,100,-50,100,-50,100,100,100,100,100,100,100,100,0,0
mut24_3,100,-20,100,-20,100,100,100,100,100,100,100,100,0,0
mut24_4,100,-10,100,-10,100,100,100,100,100,100,100,100,0,0
mut24_5,100,-5,100,-5,100,100,100,100,100,100,100,100,0,0
mut2410_1,100,-100,100,-100,100,100,100,100,100,105,100,100,0,0
mut2410_2,100,-50,100,-50,100,100,100,100,100,110,100,100,0,0
mut2410_3,100,-20,100,-20,100,100,100,100,100,120,100,100,0,0
mut2410_4,100,-10,100,-10,100,100,100,100,100,150,100,100,0,0
mut2410_5,100,-5,100,-5,100,100,100,100,100,200,100,100,0,0

mut24_6,100,-35,100,-20,100,100,100,100,100,100,100,100,0,0
mut24_7,100,-40,100,-20,100,100,100,100,100,100,100,100,0,0
mut24_8,100,-40,100,-25,100,100,100,100,100,100,100,100,0,0
mut24_9,100,-30,100,-25,100,100,100,100,100,100,100,100,0,0
mut2410_6,100,-35,100,-20,100,100,100,100,100,200,100,100,0,0
mut2410_7,100,-40,100,-20,100,100,100,100,100,200,100,100,0,0
mut2410_8,100,-40,100,-25,100,100,100,100,100,200,100,100,0,0
mut2410_9,100,-30,100,-25,100,100,100,100,100,200,100,100,0,0

mut2410_10_TTP1,100,-20,100,-25,100,100 ,100,100,100,120,100,100,0.5,0
mut2410_11_TTP1,100,-20,100,-30,100,100,100,100,100,120,100,100,0.5,0
mut2410_12_TTP1,100,-20,100,-40,100,100,100,100,100,120,100,100,0.5,0
mut2410_13_TTP1,100,-20,100,-30,100,100 ,100,100,100,100,100,100,0.5,0
mut2410_14_TTP1,100,-20,100,-30,100,100,100,100,100,75,100,100,0.5,0
mut2410_15_TTP1,100,-20,100,-30,100,100,100,100,100,50,100,100,0.5,0
mut2410_16_TTP1,100,-20,100,-30,100,100,100,100,100,25,100,100,0.5,0
mut2410_10_TTP2,100,-20,100,-25,100,100,100,100,100,120,100,100,1,0
mut2410_11_TTP2,100,-20,100,-30,100,100,100,100,100,120,100,100,1,0
mut2410_12_TTP2,100,-20,100,-40,100,100,100,100,100,120,100,100,1,0
mut2410_13_TTP2,100,-20,100,-30,100,100,100,100,100,100,100,100,1,0

mut35_1,100,0,400,0,125,100,100,100,100,100,100,100,0,0
mut35_2,100,0,400,0,150,100,100,100,100,100,100,100,0,0
mut35_3,100,0,400,0,200,100,100,100,100,100,100,100,0,0
mut35_1_TTP1,100,0,400,0,125,100,100,100,100,100,100,100,-0.5,0
mut35_2_TTP1,100,0,400,0,150,100,100,100,100,100,100,100,-0.5,0
mut35_3_TTP1,100,0,400,0,200,100,100,100,100,100,100,100,-0.5,0

mut3_8_TTP2,100,0,400,0,100,100,100,100,100,100,100,100,-0.25,0
mut3_8_TTP3,100,0,400,0,100,100,100,100,100,100,100,100,-0.35,0
mut3_8_TTP4,100,0,400,0,100,100,100,100,100,100,100,100,-0.4,0
mut35_4_TTP3,100,0,400,0,130,100,100,100,100,100,100,100,-0.35,0
mut35_5_TTP3,100,0,400,0,150,100,100,100,100,100,100,100,-0.35,0
mut2345_1_TTP3,100,-10,400,-10,150,100,100,100,100,100,100,100,-0.35,0
mut2345_2_TTP3,100,-15,400,-15,150,100,100,100,100,100,100,100,-0.35,0
mut2345_3_TTP3,100,-20,400,-20,150,100,100,100,100,100,100,100,-0.35,0
mut2345_4_TTP3,100,-25,400,-25,150,100,100,100,100,100,100,100,-0.35,0

2-mut3_8_TTP2,100,0,400,0,100,100,100,100,100,100,100,100,-0.25,0
2-mut3_8_TTP3,100,0,400,0,100,100,100,100,100,100,100,100,-0.35,0
2-mut3_8_TTP4,100,0,400,0,100,100,100,100,100,100,100,100,-0.4,0
2-mut35_4_TTP3,100,0,400,0,130,100,100,100,100,100,100,100,-0.35,0
2-mut35_5_TTP3,100,0,400,0,150,100,100,100,100,100,100,100,-0.35,0
2-mut2345_1_TTP3,100,-10,400,-10,150,100,100,100,100,100,100,100,-0.35,0
2-mut2345_2_TTP3,100,-15,400,-15,150,100,100,100,100,100,100,100,-0.35,0
2-mut2345_3_TTP3,100,-20,400,-20,150,100,100,100,100,100,100,100,-0.35,0
2-mut2345_4_TTP3,100,-25,400,-25,150,100,100,100,100,100,100,100,-0.35,0

Na12hmm_071524_fixV50sTTPleft
mut2345_5_TTP4,100,-5.6,384,-15,139,100,100,100,100,100,100,100,-0.025,0
mut2345_5_TTP5,100,-5.6,384,-15,139,100,100,100,100,100,100,100,-0.05,0
mut2345_5_TTP6,100,-5.6,384,-15,139,100,100,100,100,100,100,100,-0.1,0
mut2345_5_TTP7,100,-5.6,384,-15,139,100,100,100,100,100,100,100,-0.15,0
mut2345_5_TTP8,100,-5.6,384,-15,139,100,100,100,100,100,100,100,-0.2,0
mut2345_5_TTP9,100,-5.6,384,-15,139,100,100,100,100,100,100,100,-0.25,0

Na16hmm_071524_fixV50sTTPright
mut2345_6_TTP10,100,-19.8,377,-27,106,100,100,100,100,100,100,100,0.025,0
mut2345_6_TTP11,100,-19.8,377,-27,106,100,100,100,100,100,100,100,0.05,0
mut2345_6_TTP12,100,-19.8,377,-27,106,100,100,100,100,100,100,100,0.1,0
mut2345_6_TTP13,100,-19.8,377,-27,106,100,100,100,100,100,100,100,0.15,0
mut2345_6_TTP14,100,-19.8,377,-27,106,100,100,100,100,100,100,100,0.2,0
mut2345_6_TTP15,100,-19.8,377,-27,106,100,100,100,100,100,100,100,0.25,0

Na16hmm_071624_fixV50sTTPright
mut2345_7_TTP12,100,-19.9,157,-34.78,104,100,100,100,100,100,100,100,0.1,0
mut2345_7_TTP14,100,-19.9,157,-34.78,104,100,100,100,100,100,100,100,0.2,0
mut2345_7_TTP15,100,-19.9,157,-34.78,104,100,100,100,100,100,100,100,0.25,0
mut2345_7_TTP16,100,-19.9,157,-34.78,104,100,100,100,100,100,100,100,0.3,0
mut2345_7_TTP17,100,-19.9,157,-34.78,104,100,100,100,100,100,100,100,0.4,0
mut2345_7_TTP18,100,-19.9,157,-34.78,104,100,100,100,100,100,100,100,0.5,0

Na12hmm_071624_speedupTau_new_params
2-mut10_9,100,0,100,0,100,100,100,100,100,5,100,100,0,0
2-mut10_10,100,0,100,0,100,100,100,100,100,10,100,100,0,0
2-mut10_11,100,0,100,0,100,100,100,100,100,15,100,100,0,0
2-mut10_12,100,0,100,0,100,100,100,100,100,20,100,100,0,0
2-mut10_13,100,0,100,0,100,100,100,100,100,1,100,100,0,0
2-mut10_14,100,0,100,0,100,100,100,100,100,25,100,100,0,0
2-mut10_15,100,0,100,0,100,100,100,100,100,50,100,100,0,0
2-mut10_16,100,0,100,0,100,100,100,100,100,75,100,100,0,0
2-mut10_17,100,0,100,0,100,100,100,100,100,110,100,100,0,0
2-mut10_18,100,0,100,0,100,100,100,100,100,115,100,100,0,0
2-mut10_19,100,0,100,0,100,100,100,100,100,120,100,100,0,0
2-mut10_20,100,0,100,0,100,100,100,100,100,125,100,100,0,0
2-mut10_21,100,0,100,0,100,100,100,100,100,130,100,100,0,0
2-mut10_22,100,0,100,0,100,100,100,100,100,150,100,100,0,0
2-mut10_23,100,0,100,0,100,100,100,100,100,200,100,100,0,0

R379H,21.09,0,100,0,100,100,100,100,100,100,100,100,0,0
T400R,100,0,100,-2.684,114,100,117.5,100,100,161.9,100,100,0,0
R853Q,49.94,0,147.3,-6.6,100,100,185.8,100,90.08,100,100,100,0,0
R937C,16.96,0,100,0,100,100,100,100,100,100,100,100,0,0
E1211K,58.49,-2.825,100,-13.15,122.6,100,100,100,100,100,100,100,0,0
K1422E,37.98,0,100,-9.254,100,100,100,100,100,120.4,100,100,0,0

Shift_1216_17toget_threshold55
mut24_n2_shift17,100,17,100,17,100,100,100,100,100,100,100,100,0,0
mut234_n2_shift17,100,17,170,17,100,100,100,100,100,100,100,100,0,0

mut24_n2_shift12,100,12,100,12,100,100,100,100,100,100,100,100,0,0
mut234_n2_shift12,100,12,170,12,100,100,100,100,100,100,100,100,0,0
mut2345_n2_shift12,100,12,170,12,120,100,100,100,100,100,100,100,0,0

mut24_n2_shift14,100,14,100,14,100,100,100,100,100,100,100,100,0,0
mut234_n2_shift14,100,14,170,14,100,100,100,100,100,100,100,100,0,0
mut2345_n2_shift14,100,14,170,14,120,100,100,100,100,100,100,100,0,0

mut24_n2_shift10,100,10,100,10,100,100,100,100,100,100,100,100,0,0
mut234_n2_shift10,100,10,200,10,100,100,100,100,100,100,100,100,0,0
mut2345_n2_shift10,100,10,200,10,120,100,100,100,100,100,100,100,0,0

mut24_n6_shift17,100,17,100,17,100,100,100,100,100,100,100,100,0,0
mut234_n6_shift17,100,17,200,17,100,100,100,100,100,100,100,100,0,0

mut24_n6_shift12,100,12,100,12,100,100,100,100,100,100,100,100,0,0
mut234_n6_shift12,100,12,200,12,100,100,100,100,100,100,100,100,0,0

mut24_n6_shift14,100,14,100,14,100,100,100,100,100,100,100,100,0,0
mut234_n6_shift14,100,14,200,14,100,100,100,100,100,100,100,100,0,0

mut24_n6_shift10,100,10,100,10,100,100,100,100,100,100,100,100,0,0
mut234_n6_shift10,100,10,200,10,100,100,100,100,100,100,100,100,0,0

FineTune_HH
mut14_1,100,0,100,0,75,100,100,100,100,100,100,100,0,0
mut14_2,100,0,100,0,77,100,100,100,100,100,100,100,0,0

Move12HH_left
2-mut24_1,100,-4,100,-4,100,100,100,100,100,100,100,100,0,0
2-mut24_2,100,-5,100,-5,100,100,100,100,100,100,100,100,0,0
2-mut24_3,100,-6,100,-6,100,100,100,100,100,100,100,100,0,0
2-mut24_4,100,-7,100,-7,100,100,100,100,100,100,100,100,0,0
2-mut24_5,100,-8,100,-8,100,100,100,100,100,100,100,100,0,0
2-mut24_6,100,-9,100,-9,100,100,100,100,100,100,100,100,0,0
2-mut24_7,100,-10,100,-10,100,100,100,100,100,100,100,100,0,0

Retune_1216HMM_closertogether
mut234_n2_shift8.69-4.5,100,8.69,150,4.5,100,100,100,100,100,100,100,100,0,0
mut2345_n2_shift8.69-4.5,100,8.69,150,4.5,80,100,100,100,100,100,100,100,0,0
mut234_n6_shift18-13.5,100,18,200,13.5,100,100,100,100,100,100,100,100,0,0
2mut234_n6_shift18-13.5,100,18,200,13.5,100,100,100,100,100,100,100,100,0,0

Greater slopes to match n6
mut2345_n2_1,100,8.69,195,4.5,142,100,100,100,100,100,100,100,0,0
mut2345_n2_2,100,9.69,195,5.5,142,100,100,100,100,100,100,100,0,0
mut2345_n2_3,100,10.69,195,6.5,142,100,100,100,100,100,100,100,0,0
mut2345_n2_4,100,11.69,195,7.5,142,100,100,100,100,100,100,100,0,0

Reduced slope to match Hu2009
mut2345_n6_1,100,18,153,13.5,70,100,100,100,100,100,100,100,0,0

Move Both 12 (from n2_3) and 16 left and right 111424
mut2345_n2_4,100,8.69,195,2.5,142,100,100,100,100,100,100,100,0,0
mut2345_n2_5,100,6.69,195,0.5,142,100,100,100,100,100,100,100,0,0
mut2345_n2_6,100,4.69,195,-2.5,142,100,100,100,100,100,100,100,0,0
mut2345_n2_7,100,2.69,195,-4.5,142,100,100,100,100,100,100,100,0,0
mut2345_n2_8,100,0.69,195,-6.5,142,100,100,100,100,100,100,100,0,0
mut2345_n2_9,100,-2.69,195,-8.5,142,100,100,100,100,100,100,100,0,0

mut2345_n6_4,100,16,153,11.5,70,100,100,100,100,100,100,100,0,0
mut2345_n6_5,100,14,153,9.5,70,100,100,100,100,100,100,100,0,0
mut2345_n6_6,100,12,153,7.5,70,100,100,100,100,100,100,100,0,0
mut2345_n6_7,100,10,153,5.5,70,100,100,100,100,100,100,100,0,0
mut2345_n6_8,100,8,153,3.5,70,100,100,100,100,100,100,100,0,0
mut2345_n6_9,100,6,153,1.5,70,100,100,100,100,100,100,100,0,0

Weight = 100 mutants. Identical just renamed so no copy conflicts in $SCRATCH
1mut1_1,28.97,0,100,0,100,100,100,100,100,100,100,100,0,0
1mut1_2,73.8275,0,100,0,100,100,100,100,100,100,100,100,0,0
1mut1_3,163.5425,0,100,0,100,100,100,100,100,100,100,100,0,0
1mut1_4,208.4,0,100,0,100,100,100,100,100,100,100,100,0,0
1mut2_1,100,-4.938,100,0,100,100,100,100,100,100,100,100,0,0
1mut2_2,100,-1.4635,100,0,100,100,100,100,100,100,100,100,0,0
1mut2_3,100,5.4855,100,0,100,100,100,100,100,100,100,100,0,0
1mut2_4,100,8.96,100,0,100,100,100,100,100,100,100,100,0,0
1mut3_1,100,0,80.41,0,100,100,100,100,100,100,100,100,0,0
1mut3_2,100,0,95.6575,0,100,100,100,100,100,100,100,100,0,0
1mut3_3,100,0,126.1525,0,100,100,100,100,100,100,100,100,0,0
1mut3_4,100,0,141.4,0,100,100,100,100,100,100,100,100,0,0
1mut4_1,100,0,100,-11.56,100,100,100,100,100,100,100,100,0,0
1mut4_2,100,0,100,-5.47,100,100,100,100,100,100,100,100,0,0
1mut4_3,100,0,100,6.71,100,100,100,100,100,100,100,100,0,0
1mut4_4,100,0,100,12.8,100,100,100,100,100,100,100,100,0,0
1mut5_1,100,0,100,0,79.88,100,100,100,100,100,100,100,0,0
1mut5_2,100,0,100,0,91.235,100,100,100,100,100,100,100,0,0
1mut5_3,100,0,100,0,113.945,100,100,100,100,100,100,100,0,0
1mut5_4,100,0,100,0,125.3,100,100,100,100,100,100,100,0,0
1mut10_1,100,0,100,0,100,100,100,100,100,70.46,100,100,0,0
1mut10_2,100,0,100,0,100,100,100,100,100,110.895,100,100,0,0
1mut10_3,100,0,100,0,100,100,100,100,100,191.765,100,100,0,0
1mut10_4,100,0,100,0,100,100,100,100,100,232.2,100,100,0,0
1mut11_1,100,0,100,0,100,100,100,100,100,100,74.74,100,0,0
1mut11_2,100,0,100,0,100,100,100,100,100,100,112.28,100,0,0
1mut11_3,100,0,100,0,100,100,100,100,100,100,187.36,100,0,0
1mut11_4,100,0,100,0,100,100,100,100,100,100,224.9,100,0,0
1mut12_1,100,0,100,0,100,100,100,100,100,100,100,48.3,0,0
1mut12_2,100,0,100,0,100,100,100,100,100,100,100,99.125,0,0
1mut12_3,100,0,100,0,100,100,100,100,100,100,100,200.775,0,0
1mut12_4,100,0,100,0,100,100,100,100,100,100,100,251.6,0,0
1mut13_1,100,0,100,0,100,100,100,100,100,100,100,100,-1,0
1mut13_2,100,0,100,0,100,100,100,100,100,100,100,100,-0.5,0
1mut13_3,100,0,100,0,100,100,100,100,100,100,100,100,0.5,0
1mut13_4,100,0,100,0,100,100,100,100,100,100,100,100,1,0

10mut1_1,28.97,0,100,0,100,100,100,100,100,100,100,100,0,0
10mut1_2,73.8275,0,100,0,100,100,100,100,100,100,100,100,0,0
10mut1_3,163.5425,0,100,0,100,100,100,100,100,100,100,100,0,0
10mut1_4,208.4,0,100,0,100,100,100,100,100,100,100,100,0,0
10mut2_1,100,-4.938,100,0,100,100,100,100,100,100,100,100,0,0
10mut2_2,100,-1.4635,100,0,100,100,100,100,100,100,100,100,0,0
10mut2_3,100,5.4855,100,0,100,100,100,100,100,100,100,100,0,0
10mut2_4,100,8.96,100,0,100,100,100,100,100,100,100,100,0,0
10mut3_1,100,0,80.41,0,100,100,100,100,100,100,100,100,0,0
10mut3_2,100,0,95.6575,0,100,100,100,100,100,100,100,100,0,0
10mut3_3,100,0,126.1525,0,100,100,100,100,100,100,100,100,0,0
10mut3_4,100,0,141.4,0,100,100,100,100,100,100,100,100,0,0
10mut4_1,100,0,100,-11.56,100,100,100,100,100,100,100,100,0,0
10mut4_2,100,0,100,-5.47,100,100,100,100,100,100,100,100,0,0
10mut4_3,100,0,100,6.71,100,100,100,100,100,100,100,100,0,0
10mut4_4,100,0,100,12.8,100,100,100,100,100,100,100,100,0,0
10mut5_1,100,0,100,0,79.88,100,100,100,100,100,100,100,0,0
10mut5_2,100,0,100,0,91.235,100,100,100,100,100,100,100,0,0
10mut5_3,100,0,100,0,113.945,100,100,100,100,100,100,100,0,0
10mut5_4,100,0,100,0,125.3,100,100,100,100,100,100,100,0,0
10mut10_1,100,0,100,0,100,100,100,100,100,70.46,100,100,0,0
10mut10_2,100,0,100,0,100,100,100,100,100,110.895,100,100,0,0
10mut10_3,100,0,100,0,100,100,100,100,100,191.765,100,100,0,0
10mut10_4,100,0,100,0,100,100,100,100,100,232.2,100,100,0,0
10mut11_1,100,0,100,0,100,100,100,100,100,100,74.74,100,0,0
10mut11_2,100,0,100,0,100,100,100,100,100,100,112.28,100,0,0
10mut11_3,100,0,100,0,100,100,100,100,100,100,187.36,100,0,0
10mut11_4,100,0,100,0,100,100,100,100,100,100,224.9,100,0,0
10mut12_1,100,0,100,0,100,100,100,100,100,100,100,48.3,0,0
10mut12_2,100,0,100,0,100,100,100,100,100,100,100,99.125,0,0
10mut12_3,100,0,100,0,100,100,100,100,100,100,100,200.775,0,0
10mut12_4,100,0,100,0,100,100,100,100,100,100,100,251.6,0,0
10mut13_1,100,0,100,0,100,100,100,100,100,100,100,100,-1,0
10mut13_2,100,0,100,0,100,100,100,100,100,100,100,100,-0.5,0
10mut13_3,100,0,100,0,100,100,100,100,100,100,100,100,0.5,0
10mut13_4,100,0,100,0,100,100,100,100,100,100,100,100,1,0

100mut1_1,28.97,0,100,0,100,100,100,100,100,100,100,100,0,0
100mut1_2,73.8275,0,100,0,100,100,100,100,100,100,100,100,0,0
100mut1_3,163.5425,0,100,0,100,100,100,100,100,100,100,100,0,0
100mut1_4,208.4,0,100,0,100,100,100,100,100,100,100,100,0,0
100mut2_1,100,-4.938,100,0,100,100,100,100,100,100,100,100,0,0
100mut2_2,100,-1.4635,100,0,100,100,100,100,100,100,100,100,0,0
100mut2_3,100,5.4855,100,0,100,100,100,100,100,100,100,100,0,0
100mut2_4,100,8.96,100,0,100,100,100,100,100,100,100,100,0,0
100mut3_1,100,0,80.41,0,100,100,100,100,100,100,100,100,0,0
100mut3_2,100,0,95.6575,0,100,100,100,100,100,100,100,100,0,0
100mut3_3,100,0,126.1525,0,100,100,100,100,100,100,100,100,0,0
100mut3_4,100,0,141.4,0,100,100,100,100,100,100,100,100,0,0
100mut4_1,100,0,100,-11.56,100,100,100,100,100,100,100,100,0,0
100mut4_2,100,0,100,-5.47,100,100,100,100,100,100,100,100,0,0
100mut4_3,100,0,100,6.71,100,100,100,100,100,100,100,100,0,0
100mut4_4,100,0,100,12.8,100,100,100,100,100,100,100,100,0,0
100mut5_1,100,0,100,0,79.88,100,100,100,100,100,100,100,0,0
100mut5_2,100,0,100,0,91.235,100,100,100,100,100,100,100,0,0
100mut5_3,100,0,100,0,113.945,100,100,100,100,100,100,100,0,0
100mut5_4,100,0,100,0,125.3,100,100,100,100,100,100,100,0,0
100mut10_1,100,0,100,0,100,100,100,100,100,70.46,100,100,0,0
100mut10_2,100,0,100,0,100,100,100,100,100,110.895,100,100,0,0
100mut10_3,100,0,100,0,100,100,100,100,100,191.765,100,100,0,0
100mut10_4,100,0,100,0,100,100,100,100,100,232.2,100,100,0,0
100mut11_1,100,0,100,0,100,100,100,100,100,100,74.74,100,0,0
100mut11_2,100,0,100,0,100,100,100,100,100,100,112.28,100,0,0
100mut11_3,100,0,100,0,100,100,100,100,100,100,187.36,100,0,0
100mut11_4,100,0,100,0,100,100,100,100,100,100,224.9,100,0,0
100mut12_1,100,0,100,0,100,100,100,100,100,100,100,48.3,0,0
100mut12_2,100,0,100,0,100,100,100,100,100,100,100,99.125,0,0
100mut12_3,100,0,100,0,100,100,100,100,100,100,100,200.775,0,0
100mut12_4,100,0,100,0,100,100,100,100,100,100,100,251.6,0,0
100mut13_1,100,0,100,0,100,100,100,100,100,100,100,100,-1,0
100mut13_2,100,0,100,0,100,100,100,100,100,100,100,100,-0.5,0
100mut13_3,100,0,100,0,100,100,100,100,100,100,100,100,0.5,0
100mut13_4,100,0,100,0,100,100,100,100,100,100,100,100,1,0

1000mut1_1,28.97,0,100,0,100,100,100,100,100,100,100,100,0,0
1000mut1_2,73.8275,0,100,0,100,100,100,100,100,100,100,100,0,0
1000mut1_3,163.5425,0,100,0,100,100,100,100,100,100,100,100,0,0
1000mut1_4,208.4,0,100,0,100,100,100,100,100,100,100,100,0,0
1000mut2_1,100,-4.938,100,0,100,100,100,100,100,100,100,100,0,0
1000mut2_2,100,-1.4635,100,0,100,100,100,100,100,100,100,100,0,0
1000mut2_3,100,5.4855,100,0,100,100,100,100,100,100,100,100,0,0
1000mut2_4,100,8.96,100,0,100,100,100,100,100,100,100,100,0,0
1000mut3_1,100,0,80.41,0,100,100,100,100,100,100,100,100,0,0
1000mut3_2,100,0,95.6575,0,100,100,100,100,100,100,100,100,0,0
1000mut3_3,100,0,126.1525,0,100,100,100,100,100,100,100,100,0,0
1000mut3_4,100,0,141.4,0,100,100,100,100,100,100,100,100,0,0
1000mut4_1,100,0,100,-11.56,100,100,100,100,100,100,100,100,0,0
1000mut4_2,100,0,100,-5.47,100,100,100,100,100,100,100,100,0,0
1000mut4_3,100,0,100,6.71,100,100,100,100,100,100,100,100,0,0
1000mut4_4,100,0,100,12.8,100,100,100,100,100,100,100,100,0,0
1000mut5_1,100,0,100,0,79.88,100,100,100,100,100,100,100,0,0
1000mut5_2,100,0,100,0,91.235,100,100,100,100,100,100,100,0,0
1000mut5_3,100,0,100,0,113.945,100,100,100,100,100,100,100,0,0
1000mut5_4,100,0,100,0,125.3,100,100,100,100,100,100,100,0,0
1000mut10_1,100,0,100,0,100,100,100,100,100,70.46,100,100,0,0
1000mut10_2,100,0,100,0,100,100,100,100,100,110.895,100,100,0,0
1000mut10_3,100,0,100,0,100,100,100,100,100,191.765,100,100,0,0
1000mut10_4,100,0,100,0,100,100,100,100,100,232.2,100,100,0,0
1000mut11_1,100,0,100,0,100,100,100,100,100,100,74.74,100,0,0
1000mut11_2,100,0,100,0,100,100,100,100,100,100,112.28,100,0,0
1000mut11_3,100,0,100,0,100,100,100,100,100,100,187.36,100,0,0
1000mut11_4,100,0,100,0,100,100,100,100,100,100,224.9,100,0,0
1000mut12_1,100,0,100,0,100,100,100,100,100,100,100,48.3,0,0
1000mut12_2,100,0,100,0,100,100,100,100,100,100,100,99.125,0,0
1000mut12_3,100,0,100,0,100,100,100,100,100,100,100,200.775,0,0
1000mut12_4,100,0,100,0,100,100,100,100,100,100,100,251.6,0,0
1000mut13_1,100,0,100,0,100,100,100,100,100,100,100,100,-1,0
1000mut13_2,100,0,100,0,100,100,100,100,100,100,100,100,-0.5,0
1000mut13_3,100,0,100,0,100,100,100,100,100,100,100,100,0.5,0
1000mut13_4,100,0,100,0,100,100,100,100,100,100,100,100,1,0

1mut13_5,100,0,100,0,100,100,100,100,100,100,100,100,-10,0
1mut13_6,100,0,100,0,100,100,100,100,100,100,100,100,-5,0
1mut13_7,100,0,100,0,100,100,100,100,100,100,100,100,5,0
1mut13_8,100,0,100,0,100,100,100,100,100,100,100,100,10,0
10mut13_5,100,0,100,0,100,100,100,100,100,100,100,100,-10,0
10mut13_6,100,0,100,0,100,100,100,100,100,100,100,100,-5,0
10mut13_7,100,0,100,0,100,100,100,100,100,100,100,100,5,0
10mut13_8,100,0,100,0,100,100,100,100,100,100,100,100,10,0
100mut13_5,100,0,100,0,100,100,100,100,100,100,100,100,-10,0
100mut13_6,100,0,100,0,100,100,100,100,100,100,100,100,-5,0
100mut13_7,100,0,100,0,100,100,100,100,100,100,100,100,5,0
100mut13_8,100,0,100,0,100,100,100,100,100,100,100,100,10,0
1000mut13_5,100,0,100,0,100,100,100,100,100,100,100,100,-10,0
1000mut13_6,100,0,100,0,100,100,100,100,100,100,100,100,-5,0
1000mut13_7,100,0,100,0,100,100,100,100,100,100,100,100,5,0
1000mut13_8,100,0,100,0,100,100,100,100,100,100,100,100,10,0

Adil_Manual_Patch_WT
adil_1,100,-4.47,127,-14.48,100,100,100,100,100,100,100,100,0,0
adil_2,100,-4,120,-13,100,100,100,100,100,100,100,100,0,0
adil_3,100,-6,130,-15,100,100,100,100,100,100,100,100,0,0
adil_4,100,-8,140,-17,100,100,100,100,100,100,100,100,0,0

adil_5,100,-5,130,-15,97,100,100,100,100,59.5,100,100,0,0
adil_6,100,-5.5,130,-15,95,100,100,100,100,59.5,100,100,0,0
adil_7,33,-5,130,-15,97,100,100,100,100,59.5,100,100,0,0
adil_8,50,-5.5,130,-15,95,100,100,100,100,59.5,100,100,0,0

Adil_Manual_Patch_HH_percentWT_12_16
adil_9_12,274.24,-4.47,127.37,-14.48,97.77,100,100,100,100,60.20,56.13,85.59,0,0
adil_10_16,430.77,-4.03,107.19,-18.42,90.63,100,100,100,100,68.99,101.06,336.19,0,0

adil_10_12,274.24,-4.47,130,-15.48,97.77,100,100,100,100,60.20,56.13,85.59,0,0
adil_11_12,274.24,-4.47,130,-16.48,97.77,100,100,100,100,60.20,56.13,85.59,0,0

adil_11_16,430.77,-4.03,107.19,-19.42,90.63,100,100,100,100,68.99,101.06,336.19,0,0
adil_12_16,430.77,-4.03,107.19,-20.42,90.63,100,100,100,100,68.99,101.06,336.19,0,0
