SectionName,SectionIndex,gbar_na12,gbar_na16,gbar_na12mut,gbar_na16mut,gbar_Ih
cADpyr232_L5_TTPC1_0fb1ca4724[0].soma[0],0,0.12846366720000002,0.043270656000000005,0.12846366720000002,0.043270656000000005,8e-05
cADpyr232_L5_TTPC1_0fb1ca4724[0].dend[0],1,N/A,N/A,N/A,N/A,8e-05
cADpyr232_L5_TTPC1_0fb1ca4724[0].dend[1],2,N/A,N/A,N/A,N/A,8e-05
cADpyr232_L5_TTPC1_0fb1ca4724[0].dend[2],3,N/A,N/A,N/A,N/A,8e-05
cADpyr232_L5_TTPC1_0fb1ca4724[0].dend[3],4,N/A,N/A,N/A,N/A,8e-05
cADpyr232_L5_TTPC1_0fb1ca4724[0].dend[4],5,N/A,N/A,N/A,N/A,8e-05
cADpyr232_L5_TTPC1_0fb1ca4724[0].dend[5],6,N/A,N/A,N/A,N/A,8e-05
cADpyr232_L5_TTPC1_0fb1ca4724[0].dend[6],7,N/A,N/A,N/A,N/A,8e-05
cADpyr232_L5_TTPC1_0fb1ca4724[0].dend[7],8,N/A,N/A,N/A,N/A,8e-05
cADpyr232_L5_TTPC1_0fb1ca4724[0].dend[8],9,N/A,N/A,N/A,N/A,8e-05
cADpyr232_L5_TTPC1_0fb1ca4724[0].dend[9],10,N/A,N/A,N/A,N/A,8e-05
cADpyr232_L5_TTPC1_0fb1ca4724[0].dend[10],11,N/A,N/A,N/A,N/A,8e-05
cADpyr232_L5_TTPC1_0fb1ca4724[0].dend[11],12,N/A,N/A,N/A,N/A,8e-05
cADpyr232_L5_TTPC1_0fb1ca4724[0].dend[12],13,N/A,N/A,N/A,N/A,8e-05
cADpyr232_L5_TTPC1_0fb1ca4724[0].dend[13],14,N/A,N/A,N/A,N/A,8e-05
cADpyr232_L5_TTPC1_0fb1ca4724[0].dend[14],15,N/A,N/A,N/A,N/A,8e-05
cADpyr232_L5_TTPC1_0fb1ca4724[0].dend[15],16,N/A,N/A,N/A,N/A,8e-05
cADpyr232_L5_TTPC1_0fb1ca4724[0].dend[16],17,N/A,N/A,N/A,N/A,8e-05
cADpyr232_L5_TTPC1_0fb1ca4724[0].dend[17],18,N/A,N/A,N/A,N/A,8e-05
cADpyr232_L5_TTPC1_0fb1ca4724[0].dend[18],19,N/A,N/A,N/A,N/A,8e-05
cADpyr232_L5_TTPC1_0fb1ca4724[0].dend[19],20,N/A,N/A,N/A,N/A,8e-05
cADpyr232_L5_TTPC1_0fb1ca4724[0].dend[20],21,N/A,N/A,N/A,N/A,8e-05
cADpyr232_L5_TTPC1_0fb1ca4724[0].dend[21],22,N/A,N/A,N/A,N/A,8e-05
cADpyr232_L5_TTPC1_0fb1ca4724[0].dend[22],23,N/A,N/A,N/A,N/A,8e-05
cADpyr232_L5_TTPC1_0fb1ca4724[0].dend[23],24,N/A,N/A,N/A,N/A,8e-05
cADpyr232_L5_TTPC1_0fb1ca4724[0].dend[24],25,N/A,N/A,N/A,N/A,8e-05
cADpyr232_L5_TTPC1_0fb1ca4724[0].dend[25],26,N/A,N/A,N/A,N/A,8e-05
cADpyr232_L5_TTPC1_0fb1ca4724[0].dend[26],27,N/A,N/A,N/A,N/A,8e-05
cADpyr232_L5_TTPC1_0fb1ca4724[0].dend[27],28,N/A,N/A,N/A,N/A,8e-05
cADpyr232_L5_TTPC1_0fb1ca4724[0].dend[28],29,N/A,N/A,N/A,N/A,8e-05
cADpyr232_L5_TTPC1_0fb1ca4724[0].dend[29],30,N/A,N/A,N/A,N/A,8e-05
cADpyr232_L5_TTPC1_0fb1ca4724[0].dend[30],31,N/A,N/A,N/A,N/A,8e-05
cADpyr232_L5_TTPC1_0fb1ca4724[0].dend[31],32,N/A,N/A,N/A,N/A,8e-05
cADpyr232_L5_TTPC1_0fb1ca4724[0].dend[32],33,N/A,N/A,N/A,N/A,8e-05
cADpyr232_L5_TTPC1_0fb1ca4724[0].dend[33],34,N/A,N/A,N/A,N/A,8e-05
cADpyr232_L5_TTPC1_0fb1ca4724[0].dend[34],35,N/A,N/A,N/A,N/A,8e-05
cADpyr232_L5_TTPC1_0fb1ca4724[0].dend[35],36,N/A,N/A,N/A,N/A,8e-05
cADpyr232_L5_TTPC1_0fb1ca4724[0].dend[36],37,N/A,N/A,N/A,N/A,8e-05
cADpyr232_L5_TTPC1_0fb1ca4724[0].dend[37],38,N/A,N/A,N/A,N/A,8e-05
cADpyr232_L5_TTPC1_0fb1ca4724[0].dend[38],39,N/A,N/A,N/A,N/A,8e-05
cADpyr232_L5_TTPC1_0fb1ca4724[0].dend[39],40,N/A,N/A,N/A,N/A,8e-05
cADpyr232_L5_TTPC1_0fb1ca4724[0].dend[40],41,N/A,N/A,N/A,N/A,8e-05
cADpyr232_L5_TTPC1_0fb1ca4724[0].dend[41],42,N/A,N/A,N/A,N/A,8e-05
cADpyr232_L5_TTPC1_0fb1ca4724[0].dend[42],43,N/A,N/A,N/A,N/A,8e-05
cADpyr232_L5_TTPC1_0fb1ca4724[0].dend[43],44,N/A,N/A,N/A,N/A,8e-05
cADpyr232_L5_TTPC1_0fb1ca4724[0].dend[44],45,N/A,N/A,N/A,N/A,8e-05
cADpyr232_L5_TTPC1_0fb1ca4724[0].dend[45],46,N/A,N/A,N/A,N/A,8e-05
cADpyr232_L5_TTPC1_0fb1ca4724[0].dend[46],47,N/A,N/A,N/A,N/A,8e-05
cADpyr232_L5_TTPC1_0fb1ca4724[0].dend[47],48,N/A,N/A,N/A,N/A,8e-05
cADpyr232_L5_TTPC1_0fb1ca4724[0].dend[48],49,N/A,N/A,N/A,N/A,8e-05
cADpyr232_L5_TTPC1_0fb1ca4724[0].dend[49],50,N/A,N/A,N/A,N/A,8e-05
cADpyr232_L5_TTPC1_0fb1ca4724[0].dend[50],51,N/A,N/A,N/A,N/A,8e-05
cADpyr232_L5_TTPC1_0fb1ca4724[0].dend[51],52,N/A,N/A,N/A,N/A,8e-05
cADpyr232_L5_TTPC1_0fb1ca4724[0].dend[52],53,N/A,N/A,N/A,N/A,8e-05
cADpyr232_L5_TTPC1_0fb1ca4724[0].dend[53],54,N/A,N/A,N/A,N/A,8e-05
cADpyr232_L5_TTPC1_0fb1ca4724[0].dend[54],55,N/A,N/A,N/A,N/A,8e-05
cADpyr232_L5_TTPC1_0fb1ca4724[0].dend[55],56,N/A,N/A,N/A,N/A,8e-05
cADpyr232_L5_TTPC1_0fb1ca4724[0].dend[56],57,N/A,N/A,N/A,N/A,8e-05
cADpyr232_L5_TTPC1_0fb1ca4724[0].dend[57],58,N/A,N/A,N/A,N/A,8e-05
cADpyr232_L5_TTPC1_0fb1ca4724[0].dend[58],59,N/A,N/A,N/A,N/A,8e-05
cADpyr232_L5_TTPC1_0fb1ca4724[0].dend[59],60,N/A,N/A,N/A,N/A,8e-05
cADpyr232_L5_TTPC1_0fb1ca4724[0].dend[60],61,N/A,N/A,N/A,N/A,8e-05
cADpyr232_L5_TTPC1_0fb1ca4724[0].dend[61],62,N/A,N/A,N/A,N/A,8e-05
cADpyr232_L5_TTPC1_0fb1ca4724[0].dend[62],63,N/A,N/A,N/A,N/A,8e-05
cADpyr232_L5_TTPC1_0fb1ca4724[0].dend[63],64,N/A,N/A,N/A,N/A,8e-05
cADpyr232_L5_TTPC1_0fb1ca4724[0].dend[64],65,N/A,N/A,N/A,N/A,8e-05
cADpyr232_L5_TTPC1_0fb1ca4724[0].dend[65],66,N/A,N/A,N/A,N/A,8e-05
cADpyr232_L5_TTPC1_0fb1ca4724[0].dend[66],67,N/A,N/A,N/A,N/A,8e-05
cADpyr232_L5_TTPC1_0fb1ca4724[0].dend[67],68,N/A,N/A,N/A,N/A,8e-05
cADpyr232_L5_TTPC1_0fb1ca4724[0].dend[68],69,N/A,N/A,N/A,N/A,8e-05
cADpyr232_L5_TTPC1_0fb1ca4724[0].dend[69],70,N/A,N/A,N/A,N/A,8e-05
cADpyr232_L5_TTPC1_0fb1ca4724[0].dend[70],71,N/A,N/A,N/A,N/A,8e-05
cADpyr232_L5_TTPC1_0fb1ca4724[0].dend[71],72,N/A,N/A,N/A,N/A,8e-05
cADpyr232_L5_TTPC1_0fb1ca4724[0].dend[72],73,N/A,N/A,N/A,N/A,8e-05
cADpyr232_L5_TTPC1_0fb1ca4724[0].dend[73],74,N/A,N/A,N/A,N/A,8e-05
cADpyr232_L5_TTPC1_0fb1ca4724[0].dend[74],75,N/A,N/A,N/A,N/A,8e-05
cADpyr232_L5_TTPC1_0fb1ca4724[0].dend[75],76,N/A,N/A,N/A,N/A,8e-05
cADpyr232_L5_TTPC1_0fb1ca4724[0].dend[76],77,N/A,N/A,N/A,N/A,8e-05
cADpyr232_L5_TTPC1_0fb1ca4724[0].dend[77],78,N/A,N/A,N/A,N/A,8e-05
cADpyr232_L5_TTPC1_0fb1ca4724[0].dend[78],79,N/A,N/A,N/A,N/A,8e-05
cADpyr232_L5_TTPC1_0fb1ca4724[0].dend[79],80,N/A,N/A,N/A,N/A,8e-05
cADpyr232_L5_TTPC1_0fb1ca4724[0].dend[80],81,N/A,N/A,N/A,N/A,8e-05
cADpyr232_L5_TTPC1_0fb1ca4724[0].dend[81],82,N/A,N/A,N/A,N/A,8e-05
cADpyr232_L5_TTPC1_0fb1ca4724[0].dend[82],83,N/A,N/A,N/A,N/A,8e-05
cADpyr232_L5_TTPC1_0fb1ca4724[0].dend[83],84,N/A,N/A,N/A,N/A,8e-05
cADpyr232_L5_TTPC1_0fb1ca4724[0].dend[84],85,N/A,N/A,N/A,N/A,8e-05
cADpyr232_L5_TTPC1_0fb1ca4724[0].dend[85],86,N/A,N/A,N/A,N/A,8e-05
cADpyr232_L5_TTPC1_0fb1ca4724[0].dend[86],87,N/A,N/A,N/A,N/A,8e-05
cADpyr232_L5_TTPC1_0fb1ca4724[0].dend[87],88,N/A,N/A,N/A,N/A,8e-05
cADpyr232_L5_TTPC1_0fb1ca4724[0].dend[88],89,N/A,N/A,N/A,N/A,8e-05
cADpyr232_L5_TTPC1_0fb1ca4724[0].dend[89],90,N/A,N/A,N/A,N/A,8e-05
cADpyr232_L5_TTPC1_0fb1ca4724[0].dend[90],91,N/A,N/A,N/A,N/A,8e-05
cADpyr232_L5_TTPC1_0fb1ca4724[0].dend[91],92,N/A,N/A,N/A,N/A,8e-05
cADpyr232_L5_TTPC1_0fb1ca4724[0].dend[92],93,N/A,N/A,N/A,N/A,8e-05
cADpyr232_L5_TTPC1_0fb1ca4724[0].dend[93],94,N/A,N/A,N/A,N/A,8e-05
cADpyr232_L5_TTPC1_0fb1ca4724[0].dend[94],95,N/A,N/A,N/A,N/A,8e-05
cADpyr232_L5_TTPC1_0fb1ca4724[0].dend[95],96,N/A,N/A,N/A,N/A,8e-05
cADpyr232_L5_TTPC1_0fb1ca4724[0].dend[96],97,N/A,N/A,N/A,N/A,8e-05
cADpyr232_L5_TTPC1_0fb1ca4724[0].dend[97],98,N/A,N/A,N/A,N/A,8e-05
cADpyr232_L5_TTPC1_0fb1ca4724[0].dend[98],99,N/A,N/A,N/A,N/A,8e-05
cADpyr232_L5_TTPC1_0fb1ca4724[0].dend[99],100,N/A,N/A,N/A,N/A,8e-05
cADpyr232_L5_TTPC1_0fb1ca4724[0].dend[100],101,N/A,N/A,N/A,N/A,8e-05
cADpyr232_L5_TTPC1_0fb1ca4724[0].dend[101],102,N/A,N/A,N/A,N/A,8e-05
cADpyr232_L5_TTPC1_0fb1ca4724[0].dend[102],103,N/A,N/A,N/A,N/A,8e-05
cADpyr232_L5_TTPC1_0fb1ca4724[0].dend[103],104,N/A,N/A,N/A,N/A,8e-05
cADpyr232_L5_TTPC1_0fb1ca4724[0].dend[104],105,N/A,N/A,N/A,N/A,8e-05
cADpyr232_L5_TTPC1_0fb1ca4724[0].dend[105],106,N/A,N/A,N/A,N/A,8e-05
cADpyr232_L5_TTPC1_0fb1ca4724[0].dend[106],107,N/A,N/A,N/A,N/A,8e-05
cADpyr232_L5_TTPC1_0fb1ca4724[0].dend[107],108,N/A,N/A,N/A,N/A,8e-05
cADpyr232_L5_TTPC1_0fb1ca4724[0].dend[108],109,N/A,N/A,N/A,N/A,8e-05
cADpyr232_L5_TTPC1_0fb1ca4724[0].dend[109],110,N/A,N/A,N/A,N/A,8e-05
cADpyr232_L5_TTPC1_0fb1ca4724[0].dend[110],111,N/A,N/A,N/A,N/A,8e-05
cADpyr232_L5_TTPC1_0fb1ca4724[0].dend[111],112,N/A,N/A,N/A,N/A,8e-05
cADpyr232_L5_TTPC1_0fb1ca4724[0].dend[112],113,N/A,N/A,N/A,N/A,8e-05
cADpyr232_L5_TTPC1_0fb1ca4724[0].apic[0],114,0.0015004000000000003,5.05e-06,0.0015004000000000003,5.05e-06,0.000845188930744813
cADpyr232_L5_TTPC1_0fb1ca4724[0].apic[1],115,0.0015004000000000003,0.0,0.0015004000000000003,0.0,0.0009606054881223523
cADpyr232_L5_TTPC1_0fb1ca4724[0].apic[2],116,0.0015004000000000003,0.0,0.0015004000000000003,0.0,0.0014702275632008561
cADpyr232_L5_TTPC1_0fb1ca4724[0].apic[3],117,0.0015004000000000003,0.0,0.0015004000000000003,0.0,0.0010340573944463926
cADpyr232_L5_TTPC1_0fb1ca4724[0].apic[4],118,0.0015004000000000003,0.0,0.0015004000000000003,0.0,0.001572785526905838
cADpyr232_L5_TTPC1_0fb1ca4724[0].apic[5],119,0.0015004000000000003,0.0,0.0015004000000000003,0.0,0.0011174935888467207
cADpyr232_L5_TTPC1_0fb1ca4724[0].apic[6],120,0.0015004000000000003,0.0,0.0015004000000000003,0.0,0.0011845233238459054
cADpyr232_L5_TTPC1_0fb1ca4724[0].apic[7],121,0.0015004000000000003,0.0,0.0015004000000000003,0.0,0.001329118877340571
cADpyr232_L5_TTPC1_0fb1ca4724[0].apic[8],122,0.0015004000000000003,0.0,0.0015004000000000003,0.0,0.0014123791546426787
cADpyr232_L5_TTPC1_0fb1ca4724[0].apic[9],123,0.0015004000000000003,0.0,0.0015004000000000003,0.0,0.0018329735214699754
cADpyr232_L5_TTPC1_0fb1ca4724[0].apic[10],124,0.0015004000000000003,0.0,0.0015004000000000003,0.0,0.0016975794313408787
cADpyr232_L5_TTPC1_0fb1ca4724[0].apic[11],125,0.0015004000000000003,0.0,0.0015004000000000003,0.0,0.0016792093923839013
cADpyr232_L5_TTPC1_0fb1ca4724[0].apic[12],126,0.0015004000000000003,0.0,0.0015004000000000003,0.0,0.0013993890251958146
cADpyr232_L5_TTPC1_0fb1ca4724[0].apic[13],127,0.0015004000000000003,0.0,0.0015004000000000003,0.0,0.0017967834163644643
cADpyr232_L5_TTPC1_0fb1ca4724[0].apic[14],128,0.0015004000000000003,0.0,0.0015004000000000003,0.0,0.00170081276500495
cADpyr232_L5_TTPC1_0fb1ca4724[0].apic[15],129,0.0015004000000000003,0.0,0.0015004000000000003,0.0,0.0020547905610411006
cADpyr232_L5_TTPC1_0fb1ca4724[0].apic[16],130,0.0015004000000000003,0.0,0.0015004000000000003,0.0,0.001846807161931554
cADpyr232_L5_TTPC1_0fb1ca4724[0].apic[17],131,0.0015004000000000003,0.0,0.0015004000000000003,0.0,0.001219236715175914
cADpyr232_L5_TTPC1_0fb1ca4724[0].apic[18],132,0.0015004000000000003,0.0,0.0015004000000000003,0.0,0.0014431571609000444
cADpyr232_L5_TTPC1_0fb1ca4724[0].apic[19],133,0.0015004000000000003,0.0,0.0015004000000000003,0.0,0.0014971587534761857
cADpyr232_L5_TTPC1_0fb1ca4724[0].apic[20],134,0.0015004000000000003,0.0,0.0015004000000000003,0.0,0.0015189875618154295
cADpyr232_L5_TTPC1_0fb1ca4724[0].apic[21],135,0.0015004000000000003,0.0,0.0015004000000000003,0.0,0.0017598274656325426
cADpyr232_L5_TTPC1_0fb1ca4724[0].apic[22],136,0.0015004000000000003,0.0,0.0015004000000000003,0.0,0.0024430755188243262
cADpyr232_L5_TTPC1_0fb1ca4724[0].apic[23],137,0.0015004000000000003,0.0,0.0015004000000000003,0.0,0.0021755572920414477
cADpyr232_L5_TTPC1_0fb1ca4724[0].apic[24],138,0.0015004000000000003,0.0,0.0015004000000000003,0.0,0.0016458351748131
cADpyr232_L5_TTPC1_0fb1ca4724[0].apic[25],139,0.0015004000000000003,0.0,0.0015004000000000003,0.0,0.0021174223298472366
cADpyr232_L5_TTPC1_0fb1ca4724[0].apic[26],140,0.0015004000000000003,0.0,0.0015004000000000003,0.0,0.0022192356703336275
cADpyr232_L5_TTPC1_0fb1ca4724[0].apic[27],141,0.0015004000000000003,0.0,0.0015004000000000003,0.0,0.0017285147586869726
cADpyr232_L5_TTPC1_0fb1ca4724[0].apic[28],142,0.0015004000000000003,0.0,0.0015004000000000003,0.0,0.0021793278863401736
cADpyr232_L5_TTPC1_0fb1ca4724[0].apic[29],143,0.0015004000000000003,0.0,0.0015004000000000003,0.0,0.002173246540970099
cADpyr232_L5_TTPC1_0fb1ca4724[0].apic[30],144,0.0015004000000000003,0.0,0.0015004000000000003,0.0,0.001582159948720836
cADpyr232_L5_TTPC1_0fb1ca4724[0].apic[31],145,0.0015004000000000003,0.0,0.0015004000000000003,0.0,0.0018031397061972721
cADpyr232_L5_TTPC1_0fb1ca4724[0].apic[32],146,0.0015004000000000003,0.0,0.0015004000000000003,0.0,0.0022050654743093006
cADpyr232_L5_TTPC1_0fb1ca4724[0].apic[33],147,0.0015004000000000003,0.0,0.0015004000000000003,0.0,0.002279454273898493
cADpyr232_L5_TTPC1_0fb1ca4724[0].apic[34],148,0.0015004000000000003,0.0,0.0015004000000000003,0.0,0.0017621946199734562
cADpyr232_L5_TTPC1_0fb1ca4724[0].apic[35],149,0.0015004000000000003,0.0,0.0015004000000000003,0.0,0.002488396573182602
cADpyr232_L5_TTPC1_0fb1ca4724[0].apic[36],150,0.0015004000000000003,0.0,0.0015004000000000003,0.0,0.001972329152533249
cADpyr232_L5_TTPC1_0fb1ca4724[0].apic[37],151,0.0015004000000000003,0.0,0.0015004000000000003,0.0,0.002568570783946183
cADpyr232_L5_TTPC1_0fb1ca4724[0].apic[38],152,0.0015004000000000003,0.0,0.0015004000000000003,0.0,0.001996591380856117
cADpyr232_L5_TTPC1_0fb1ca4724[0].apic[39],153,0.0015004000000000003,0.0,0.0015004000000000003,0.0,0.0025558557636547997
cADpyr232_L5_TTPC1_0fb1ca4724[0].apic[40],154,0.0015004000000000003,0.0,0.0015004000000000003,0.0,0.0020677172686634306
cADpyr232_L5_TTPC1_0fb1ca4724[0].apic[41],155,0.0015004000000000003,0.0,0.0015004000000000003,0.0,0.002162631512201011
cADpyr232_L5_TTPC1_0fb1ca4724[0].apic[42],156,0.0015004000000000003,0.0,0.0015004000000000003,0.0,0.0022982488358789734
cADpyr232_L5_TTPC1_0fb1ca4724[0].apic[43],157,0.0015004000000000003,0.0,0.0015004000000000003,0.0,0.002679825831109196
cADpyr232_L5_TTPC1_0fb1ca4724[0].apic[44],158,0.0015004000000000003,0.0,0.0015004000000000003,0.0,0.0035880599811470276
cADpyr232_L5_TTPC1_0fb1ca4724[0].apic[45],159,0.0015004000000000003,0.0,0.0015004000000000003,0.0,0.0035880599811470276
cADpyr232_L5_TTPC1_0fb1ca4724[0].apic[46],160,0.0015004000000000003,0.0,0.0015004000000000003,0.0,0.0029745477304381662
cADpyr232_L5_TTPC1_0fb1ca4724[0].apic[47],161,0.0015004000000000003,0.0,0.0015004000000000003,0.0,0.0023830868416861595
cADpyr232_L5_TTPC1_0fb1ca4724[0].apic[48],162,0.0015004000000000003,0.0,0.0015004000000000003,0.0,0.002566106574007455
cADpyr232_L5_TTPC1_0fb1ca4724[0].apic[49],163,0.0015004000000000003,0.0,0.0015004000000000003,0.0,0.0031884583258005588
cADpyr232_L5_TTPC1_0fb1ca4724[0].apic[50],164,0.0015004000000000003,0.0,0.0015004000000000003,0.0,0.0031884583258005588
cADpyr232_L5_TTPC1_0fb1ca4724[0].apic[51],165,0.0015004000000000003,0.0,0.0015004000000000003,0.0,0.0028628281297562205
cADpyr232_L5_TTPC1_0fb1ca4724[0].apic[52],166,0.0015004000000000003,0.0,0.0015004000000000003,0.0,0.0021459749504047576
cADpyr232_L5_TTPC1_0fb1ca4724[0].apic[53],167,0.0015004000000000003,0.0,0.0015004000000000003,0.0,0.002680521006703891
cADpyr232_L5_TTPC1_0fb1ca4724[0].apic[54],168,0.0015004000000000003,0.0,0.0015004000000000003,0.0,0.002389311639073783
cADpyr232_L5_TTPC1_0fb1ca4724[0].apic[55],169,0.0015004000000000003,0.0,0.0015004000000000003,0.0,0.0027282729966127384
cADpyr232_L5_TTPC1_0fb1ca4724[0].apic[56],170,0.0015004000000000003,0.0,0.0015004000000000003,0.0,0.002995752515126484
cADpyr232_L5_TTPC1_0fb1ca4724[0].apic[57],171,0.0015004000000000003,0.0,0.0015004000000000003,0.0,0.0034543799434903627
cADpyr232_L5_TTPC1_0fb1ca4724[0].apic[58],172,0.0015004000000000003,0.0,0.0015004000000000003,0.0,0.0033938936937817784
cADpyr232_L5_TTPC1_0fb1ca4724[0].apic[59],173,0.0015004000000000003,0.0,0.0015004000000000003,0.0,0.0030326821872713214
cADpyr232_L5_TTPC1_0fb1ca4724[0].apic[60],174,0.0015004000000000003,0.0,0.0015004000000000003,0.0,0.0035582565203445067
cADpyr232_L5_TTPC1_0fb1ca4724[0].apic[61],175,0.0015004000000000003,0.0,0.0015004000000000003,0.0,0.003496172597646965
cADpyr232_L5_TTPC1_0fb1ca4724[0].apic[62],176,0.0015004000000000003,0.0,0.0015004000000000003,0.0,0.003750387904802889
cADpyr232_L5_TTPC1_0fb1ca4724[0].apic[63],177,0.0015004000000000003,0.0,0.0015004000000000003,0.0,0.003750387904802889
cADpyr232_L5_TTPC1_0fb1ca4724[0].apic[64],178,0.0015004000000000003,0.0,0.0015004000000000003,0.0,0.002578163323396067
cADpyr232_L5_TTPC1_0fb1ca4724[0].apic[65],179,0.0015004000000000003,0.0,0.0015004000000000003,0.0,0.0031395461244236498
cADpyr232_L5_TTPC1_0fb1ca4724[0].apic[66],180,0.0015004000000000003,0.0,0.0015004000000000003,0.0,0.004536658345595599
cADpyr232_L5_TTPC1_0fb1ca4724[0].apic[67],181,0.0015004000000000003,0.0,0.0015004000000000003,0.0,0.00803205346879131
cADpyr232_L5_TTPC1_0fb1ca4724[0].apic[68],182,0.0015004000000000003,0.0,0.0015004000000000003,0.0,0.014323430188028011
cADpyr232_L5_TTPC1_0fb1ca4724[0].apic[69],183,0.0015004000000000003,0.0,0.0015004000000000003,0.0,0.008446558456050135
cADpyr232_L5_TTPC1_0fb1ca4724[0].apic[70],184,0.0015004000000000003,0.0,0.0015004000000000003,0.0,0.009150118678880527
cADpyr232_L5_TTPC1_0fb1ca4724[0].apic[71],185,0.0015004000000000003,0.0,0.0015004000000000003,0.0,0.011476535014891745
cADpyr232_L5_TTPC1_0fb1ca4724[0].apic[72],186,0.0015004000000000003,0.0,0.0015004000000000003,0.0,0.01468156153524651
cADpyr232_L5_TTPC1_0fb1ca4724[0].apic[73],187,0.0015004000000000003,0.0,0.0015004000000000003,0.0,0.01957782161364951
cADpyr232_L5_TTPC1_0fb1ca4724[0].apic[74],188,0.0015004000000000003,0.0,0.0015004000000000003,0.0,0.018083789555030105
cADpyr232_L5_TTPC1_0fb1ca4724[0].apic[75],189,0.0015004000000000003,0.0,0.0015004000000000003,0.0,0.016344266283120003
cADpyr232_L5_TTPC1_0fb1ca4724[0].apic[76],190,0.0015004000000000003,0.0,0.0015004000000000003,0.0,0.016292145150116618
cADpyr232_L5_TTPC1_0fb1ca4724[0].apic[77],191,0.0015004000000000003,0.0,0.0015004000000000003,0.0,0.008770382323022314
cADpyr232_L5_TTPC1_0fb1ca4724[0].apic[78],192,0.0015004000000000003,0.0,0.0015004000000000003,0.0,0.011581838623230666
cADpyr232_L5_TTPC1_0fb1ca4724[0].apic[79],193,0.0015004000000000003,0.0,0.0015004000000000003,0.0,0.024171479093048065
cADpyr232_L5_TTPC1_0fb1ca4724[0].apic[80],194,0.0015004000000000003,0.0,0.0015004000000000003,0.0,0.017984851049469827
cADpyr232_L5_TTPC1_0fb1ca4724[0].apic[81],195,0.0015004000000000003,0.0,0.0015004000000000003,0.0,0.026164005321633623
cADpyr232_L5_TTPC1_0fb1ca4724[0].apic[82],196,0.0015004000000000003,0.0,0.0015004000000000003,0.0,0.0298932491158117
cADpyr232_L5_TTPC1_0fb1ca4724[0].apic[83],197,0.0015004000000000003,0.0,0.0015004000000000003,0.0,0.010280595344018166
cADpyr232_L5_TTPC1_0fb1ca4724[0].apic[84],198,0.0015004000000000003,0.0,0.0015004000000000003,0.0,0.012664508791578578
cADpyr232_L5_TTPC1_0fb1ca4724[0].apic[85],199,0.0015004000000000003,0.0,0.0015004000000000003,0.0,0.013547872564783727
cADpyr232_L5_TTPC1_0fb1ca4724[0].apic[86],200,0.0015004000000000003,0.0,0.0015004000000000003,0.0,0.020578879632101723
cADpyr232_L5_TTPC1_0fb1ca4724[0].apic[87],201,0.0015004000000000003,0.0,0.0015004000000000003,0.0,0.02328247398436015
cADpyr232_L5_TTPC1_0fb1ca4724[0].apic[88],202,0.0015004000000000003,0.0,0.0015004000000000003,0.0,0.039150183183832205
cADpyr232_L5_TTPC1_0fb1ca4724[0].apic[89],203,0.0015004000000000003,0.0,0.0015004000000000003,0.0,0.04086304592263094
cADpyr232_L5_TTPC1_0fb1ca4724[0].apic[90],204,0.0015004000000000003,0.0,0.0015004000000000003,0.0,0.03991294778435372
cADpyr232_L5_TTPC1_0fb1ca4724[0].apic[91],205,0.0015004000000000003,0.0,0.0015004000000000003,0.0,0.04065850063770623
cADpyr232_L5_TTPC1_0fb1ca4724[0].apic[92],206,0.0015004000000000003,0.0,0.0015004000000000003,0.0,0.019699240280880596
cADpyr232_L5_TTPC1_0fb1ca4724[0].apic[93],207,0.0015004000000000003,0.0,0.0015004000000000003,0.0,0.035024877185845134
cADpyr232_L5_TTPC1_0fb1ca4724[0].apic[94],208,0.0015004000000000003,0.0,0.0015004000000000003,0.0,0.03628147480617568
cADpyr232_L5_TTPC1_0fb1ca4724[0].apic[95],209,0.0015004000000000003,0.0,0.0015004000000000003,0.0,0.019198402934455055
cADpyr232_L5_TTPC1_0fb1ca4724[0].apic[96],210,0.0015004000000000003,0.0,0.0015004000000000003,0.0,0.03337082731893318
cADpyr232_L5_TTPC1_0fb1ca4724[0].apic[97],211,0.0015004000000000003,0.0,0.0015004000000000003,0.0,0.032309130888497864
cADpyr232_L5_TTPC1_0fb1ca4724[0].apic[98],212,0.0015004000000000003,0.0,0.0015004000000000003,0.0,0.011672804527667986
cADpyr232_L5_TTPC1_0fb1ca4724[0].apic[99],213,0.0015004000000000003,0.0,0.0015004000000000003,0.0,0.019489109690450705
cADpyr232_L5_TTPC1_0fb1ca4724[0].apic[100],214,0.0015004000000000003,0.0,0.0015004000000000003,0.0,0.02543336877740973
cADpyr232_L5_TTPC1_0fb1ca4724[0].apic[101],215,0.0015004000000000003,0.0,0.0015004000000000003,0.0,0.03420572491904232
cADpyr232_L5_TTPC1_0fb1ca4724[0].apic[102],216,0.0015004000000000003,0.0,0.0015004000000000003,0.0,0.03420572491904232
cADpyr232_L5_TTPC1_0fb1ca4724[0].apic[103],217,0.0015004000000000003,0.0,0.0015004000000000003,0.0,0.02111130726387197
cADpyr232_L5_TTPC1_0fb1ca4724[0].apic[104],218,0.0015004000000000003,0.0,0.0015004000000000003,0.0,0.017748900741589704
cADpyr232_L5_TTPC1_0fb1ca4724[0].apic[105],219,0.0015004000000000003,0.0,0.0015004000000000003,0.0,0.01855696436347585
cADpyr232_L5_TTPC1_0fb1ca4724[0].apic[106],220,0.0015004000000000003,0.0,0.0015004000000000003,0.0,0.019981357182271575
cADpyr232_L5_TTPC1_0fb1ca4724[0].apic[107],221,0.0015004000000000003,0.0,0.0015004000000000003,0.0,0.02295055262510906
cADpyr232_L5_TTPC1_0fb1ca4724[0].apic[108],222,0.0015004000000000003,0.0,0.0015004000000000003,0.0,0.034253066181152814
cADpyr232_L5_TTPC1_0fb1ca4724[0].apic[109],223,0.0015004000000000003,0.0,0.0015004000000000003,0.0,0.04267000308746015
cADpyr232_L5_TTPC1_0fb1ca4724[0].apic[110],224,0.0015004000000000003,0.0,0.0015004000000000003,0.0,0.04267000308746015
cADpyr232_L5_TTPC1_0fb1ca4724[0].apic[111],225,0.0015004000000000003,0.0,0.0015004000000000003,0.0,0.034253066181152814
cADpyr232_L5_TTPC1_0fb1ca4724[0].apic[112],226,0.0015004000000000003,0.0,0.0015004000000000003,0.0,0.01895140065017477
cADpyr232_L5_TTPC1_0fb1ca4724[0].apic[113],227,0.0015004000000000003,0.0,0.0015004000000000003,0.0,0.0015211805663192537
cADpyr232_L5_TTPC1_0fb1ca4724[0].apic[114],228,0.0015004000000000003,0.0,0.0015004000000000003,0.0,0.0010082740112989299
cADpyr232_L5_TTPC1_0fb1ca4724[0].apic[115],229,0.0015004000000000003,0.0,0.0015004000000000003,0.0,0.0010320376415386772
cADpyr232_L5_TTPC1_0fb1ca4724[0].apic[116],230,0.0015004000000000003,0.0,0.0015004000000000003,0.0,0.001054703915004878
cADpyr232_L5_TTPC1_0fb1ca4724[0].apic[117],231,0.0015004000000000003,0.0,0.0015004000000000003,0.0,0.0011509844044406614
cADpyr232_L5_TTPC1_0fb1ca4724[0].apic[118],232,0.0015004000000000003,0.0,0.0015004000000000003,0.0,0.0014982429741489578
cADpyr232_L5_TTPC1_0fb1ca4724[0].apic[119],233,0.0015004000000000003,0.0,0.0015004000000000003,0.0,0.0015489354001996353
cADpyr232_L5_TTPC1_0fb1ca4724[0].apic[120],234,0.0015004000000000003,0.0,0.0015004000000000003,0.0,0.0014977344802082598
cADpyr232_L5_TTPC1_0fb1ca4724[0].apic[121],235,0.0015004000000000003,0.0,0.0015004000000000003,0.0,0.0014088599469076017
cADpyr232_L5_TTPC1_0fb1ca4724[0].apic[122],236,0.0015004000000000003,0.0,0.0015004000000000003,0.0,0.0012047225449180173
cADpyr232_L5_TTPC1_0fb1ca4724[0].axon[0],237,0.0,0.084423339,0.0,0.084423339,N/A
cADpyr232_L5_TTPC1_0fb1ca4724[0].axon[1],238,0.0,0.084423339,0.0,0.084423339,N/A
