Variant,Ra,Rb,Rd,Rg,a0s,gms,hmin,mmin,q10,qa,qd,qg,qinf,sh,smax,tha,thi1,thi2,thinf,vhalfs,vvh,vvs,zetas
R119I,0.19953217110351695,0.09365142179129207,0.02022166417688846,0.01116065320218872,7.745636759157164e-05,0.141628827918157,0.011878279366999936,0.023786825635989023,1.7542250851484238,3.280987309157042,0.903557301772745,2.1438090192015276,6.39510629466065,9.105934855167112,5.639128037566293,-37.025873445729204,-78.89860358739708,-64.49898875948192,-53.104936391798375,-63.652573454208884,-44.61452002173217,1.6172256975289117,14.342451648263568
L181F,0.3380714915775742,0.09013136340161398,0.025712394696815438,0.01854277725353276,0.0003404044629881207,0.12592058965254987,0.008013391774131736,0.008226790739513802,2.289601426305275,5.835550042292994,0.8058343822410788,0.6693522946835427,5.760329120353593,8.886047186457889,5.9733245694423545,-24.155451306086988,-60.488477521934875,-77.41692349310195,-40.114984963535186,-33.73363659219147,-53.184249317587984,0.7672523706054653,13.419130866269455
D195G,0.14716403357562596,0.0818909773513245,0.023992500231084762,0.012659026669807312,0.00038471731340908945,0.2530456348014775,0.014831390525799185,0.022865416705772308,1.5509943174740057,4.445110968150566,0.5592157376292303,1.9610468735297772,5.907235980724364,9.350513767150385,11.208758346629075,-31.67360446553334,-74.28715642018685,-69.68248598332264,-52.61366657140489,-27.77112414409777,-56.41288186981312,0.4390826339034208,14.873715703829722
A215E,0.18247777791578468,0.0741392730485908,0.024146954462523913,0.004456589102903549,6.907868656122574e-05,0.15441415453592705,0.00958110774798248,0.021389706048079733,2.044611836330991,6.1445453946268564,0.9401536261269803,1.2837193319718656,5.905542306025956,9.438487116098026,13.67995657945035,-43.35540508052944,-63.54613826627982,-68.32981629352881,-59.96148348243605,-61.40308296974776,-30.158549481679746,1.75932991176788,12.209054565742393
A215T,0.3380714915775742,0.09013136340161398,0.025712394696815438,0.01854277725353276,0.0003404044629881207,0.12592058965254987,0.008013391774131736,0.008226790739513802,2.289601426305275,5.835550042292994,0.8058343822410788,0.6693522946835427,5.760329120353593,8.886047186457889,5.9733245694423545,-24.155451306086988,-60.488477521934875,-77.41692349310195,-40.114984963535186,-33.73363659219147,-53.184249317587984,0.7672523706054653,13.419130866269455
A263E,0.18458731447842106,0.13362154180946206,0.02939328778413818,0.0190601952671071,0.00046015913998654457,0.21106365557392445,0.009795187138481914,0.0016682716576615821,1.0728903299533121,4.050918152864734,0.7420537968910521,2.913767078312575,5.4954032525613155,8.48026062601182,11.038476916504122,-31.426257205916393,-78.80199777091127,-78.02201865367135,-39.94280977895748,-21.45493838002633,-47.370985916584004,2.80325133783626,7.01499161537327
A263V,0.12459225410296135,0.05813814064002154,0.021359328811389997,0.014784428691057934,0.0005864931357789952,0.11923461097451282,0.0036844073255230384,0.010998672271993366,2.4247920896871933,5.688041080844543,0.4059860921727118,1.5419979192459197,9.328380388881623,8.68482747005409,3.3691390741411427,-31.64456493814816,-42.402402675425954,-60.012637532492754,-59.00797167971115,-26.786049453087013,-56.81089953517729,1.3414921427857374,11.779828772782873
D343H,0.16719364051015156,0.07141928465146193,0.020054391841353405,0.01674887758787637,0.000239118122459519,0.1912158322216344,0.006737987101376981,0.02766439114101351,2.6471833852142908,6.104998405992943,0.9093110360728228,0.7400134542820724,5.805935290114826,8.57938133296084,5.527160376941494,-25.709880191127674,-53.337858456809926,-65.55806126155858,-40.104887050581745,-50.03263381383297,-54.38957411679532,0.21318988871236155,13.786560100614057
Y428C,0.27279831257479975,0.05730899731090828,0.0229279222993955,0.018980271536268002,0.0003796679562630136,0.00795008946370865,0.007358160023155187,0.01402809380272737,2.46260799405379,4.653564714807541,0.7084474616135289,0.7995872643723234,7.410678633214716,8.227610301305157,0.6195042741512489,-32.105129304862714,-61.010897353860635,-79.49108192081667,-56.06581290850183,-50.99392498950999,-58.17806560814995,0.8472348816016962,12.955385584986132
Y428F,0.3380714915775742,0.09013136340161398,0.025712394696815438,0.01854277725353276,0.0003404044629881207,0.12592058965254987,0.008013391774131736,0.008226790739513802,2.289601426305275,5.835550042292994,0.8058343822410788,0.6693522946835427,5.760329120353593,8.886047186457889,5.9733245694423545,-24.155451306086988,-60.488477521934875,-77.41692349310195,-40.114984963535186,-33.73363659219147,-53.184249317587984,0.7672523706054653,13.419130866269455
E430A,0.3293720730352896,0.06985075972094257,0.026677508089259255,0.018380854986396883,9.749269601282595e-05,0.1085334582648832,0.004829424842704833,0.004109889968571915,1.3373955928938328,6.9191800915182355,0.46077016577292707,0.7874130399068441,5.729977253750414,8.6816135149496,7.299250833375195,-24.113225705793987,-58.80338296950646,-79.71225133749859,-40.45470672763298,-32.1070972484901,-59.81257463651943,1.276502872733726,14.25086757675879
G822S,0.1479859791347649,0.05033360067765975,0.01836104620638983,0.014448007629532958,0.00040034597874314434,0.10207977056158085,0.008402295569295696,0.016405019233840676,1.6498665948579145,5.037747778146663,0.9949830303082219,1.1053715538312434,5.678352387217695,7.757683033801925,4.898902736929596,-26.13996706113397,-62.41916713809693,-76.49640157582847,-40.235582244107164,-56.33022537032784,-51.70951151061714,1.0831195133294775,13.987911544304342
S834N,0.2482624561162004,0.09674446302061847,0.02538557070641852,0.01715793009022262,3.527337886928175e-07,0.007310412892718887,0.012589228724376688,0.020193852132760676,1.3373542531256455,4.715145589597192,0.13876408607947371,0.19509690299372257,6.992228903344856,9.467952254679426,5.669597387604007,-34.859588996195505,-59.84445591908089,-65.36867295116306,-53.96151282369123,-29.755523846966938,-57.176765622932635,2.9983556293442164,14.3498336895038
R853Q,0.2017286999582385,0.04163587994037041,0.022399173311149836,0.010871048109355663,0.0005702539979135163,0.1876541318843385,0.010266294661085761,0.010301695958777198,1.933635053919172,6.910564715808948,0.7500953319235005,0.6627465692278675,6.2805385813434516,7.6199465475284525,3.765586592033615,-29.734393647088115,-59.21244254981757,-79.69358715621246,-54.26987343746651,-21.858102894155305,-48.26104806540166,1.6654226944585617,12.33143752235459
G879R,0.24523653722045663,0.09529679182151982,0.027662592574010117,0.01788174460021371,0.0005053733898912993,0.2339469426623767,0.006948467701243528,0.014880347682142747,2.026646277220725,5.388016909833489,0.5490307534124598,0.4722659039716983,5.660450430815069,8.17193228206933,0.3320196281434029,-26.067180942835762,-60.476452508427116,-70.8580578256981,-40.090516939036654,-31.21342387239771,-51.93662748207426,0.2944825944002297,14.601976607278747
A880S,0.29871487032677263,0.0671547619149891,0.024983850656756203,0.01264910343285493,0.00039900460817951565,0.03536358304959653,0.011111935737926851,0.005072603039332912,2.7192866443234327,6.003191778589493,0.6110591323106617,2.7084655294243274,5.97398485711303,9.399418144907186,11.253364966342582,-22.89913590367137,-49.17584807379874,-69.2828562872844,-40.12284003491786,-69.75795867295813,-59.17710332246198,2.8723323218182406,13.28103501189872
L881P,0.10641933856735347,0.14133486076744964,0.028890184371937362,0.010322155248900663,0.0005777834956471201,0.057150032029150144,0.012813924302415052,0.01839574310191013,1.730609608655985,3.9938381277096866,0.8943407979099117,1.3079401810172744,5.709079463910518,9.643612237858964,14.259140946368237,-34.65123292728352,-72.98177306054025,-42.67970859478132,-39.897989761839376,-45.592979068931186,-50.53683861456274,2.0122668094880054,11.308304323589649
G882E,0.09678550428619982,0.11344401555453035,0.021758632592294044,0.015502540922713847,0.00013855391167775708,0.17622511455830672,0.010216859549117531,0.0012194413397115763,2.0794003904950484,4.741712373703728,0.43268447783952646,0.885145546791212,5.424617341189145,9.166568199052614,1.6054775679032622,-32.88638496215651,-69.46647023278386,-66.58443677945446,-39.727631377504615,-18.6265340791738,-54.13858358022712,0.0029296810691974984,13.604691053223359
F928S,0.13185055696153478,0.1385273942306887,0.016917203183596016,0.019587514856380526,0.0005659396596561044,0.0430484096266075,0.0018988760922041105,0.01246738020873406,1.994171009603561,5.894651367449852,0.6580177013979306,0.12953762301510105,6.658434943516931,8.927972080369328,0.6347456948742627,-36.87558308829996,-60.838673823605596,-63.692537276442536,-48.65064419025755,-66.18852741805193,-50.45922142191551,0.7621294291301371,5.920024584926401
R937C,0.14458070397627634,0.12549730528479655,0.028816266980029526,0.01192486003050821,0.00017034056543662406,0.2781311400986554,0.0017001187432443775,0.013558719597195559,1.637745397620502,5.3657726810535085,0.5942376304799848,0.27200438691598383,5.668636956432187,8.65269773864324,5.908953129970223,-30.504391644095328,-62.05430035482323,-74.86030908251837,-39.929377933965874,-10.134413585362473,-58.79096455390417,0.4196860084672315,10.90117766712532
M951R,0.1355323793801491,0.10864315427110352,0.027479510273568465,0.005547885215719703,0.0002184861705761704,0.09211228651744208,0.005630151948259466,0.009378065063706694,1.9203744620653833,4.3961745404410015,0.6765711010864566,0.9969468729660423,5.690374935951399,5.228078510632624,7.246684254760238,-28.098752669821238,-70.54602888632071,-52.84104983397329,-40.16926539865904,-57.48115968474434,-35.065597322726745,0.4094301885280226,5.441271958822974
M965R,0.19513288928139289,0.11923204864798227,0.02807872809416831,0.016232127085463097,0.00042935938761874746,0.1311603440097599,0.004001377210166995,0.022403123706983313,1.0679134810990951,4.233862284326156,0.7549707898210481,0.4778491205376114,5.639928339923408,5.934112190651831,6.991527737103182,-33.35552216876507,-59.87986190720229,-58.7586399447214,-47.634627398834866,-38.77378721688182,-30.99436423763962,1.5661038313145594,13.129905003325089
F978L,0.14596709141611772,0.181729148271133,0.026592803395884438,0.016307394106808624,0.0002543352868413954,0.2755192790052609,0.01765448218076142,0.00590519152233838,1.001896514074389,4.241546489215119,0.39863896248440245,1.630261429652496,5.942780691804547,5.716642883725424,3.6949736011714953,-29.639595629371343,-79.80032782128028,-41.80750449237957,-39.917905323054136,-33.16168624486301,-34.82866655996365,1.8101224857387725,9.332028832572481
E1133D,0.23668349261967617,0.051907664534122884,0.02397662289532851,0.013725012054627202,0.00040820084762659386,0.0031457805079083325,0.0006862061127495728,0.017405357605817316,2.7626395942979176,5.129474308499153,0.6648326970436982,0.9726989996971229,4.981242475426151,9.404454937225717,2.9694137702375114,-33.95628231698193,-64.35836244535695,-57.23389171587308,-47.39950752930658,-38.87105253713,-58.31086079344997,0.14099218507496403,13.554544171662371
E1211K,0.15040303973681712,0.15212448608197354,0.020222564351983708,0.017622987843737885,0.00036672641029272633,0.11289528696086513,0.015103045204533724,0.0167997980215948,1.7875185245997034,5.186786430502393,0.9497020400765177,2.5784650513122416,7.174371808457541,9.343679203914855,12.614140567983352,-35.13761486324888,-79.5329804443463,-36.28962505900306,-53.2366752777964,-23.553872666158224,-40.03307374740584,1.0921826518875117,4.669785868118981
C1275R,0.22325548912893095,0.14380171874162131,0.025187244539935275,0.019989560539672352,0.00033623483904289065,0.012456295347573462,0.007109129419094504,0.0253093017162345,1.47192660216142,5.500762755144136,0.7886190219718726,0.4272554563294339,8.547423760267895,9.360315773564531,6.289118328480329,-33.76756904130741,-62.991618321938546,-77.18784839713925,-55.14570064224404,-55.86222917222494,-47.63945663512682,0.4768777514988356,3.958109086431536
R1315G,0.09254181767370062,0.1926391653877214,0.023720986789098543,0.010576668025571275,0.0003786690751947601,0.10820140358095624,0.019052233357443094,0.018072543940817976,1.3635050389532717,4.817319672402452,0.908327268134581,0.6703249273515767,5.5804674833113594,7.978965826341755,10.075377542559055,-33.96860334176461,-73.79031347152991,-41.60505443784972,-40.1341112290362,-28.95620105333142,-30.341729621312975,2.678968344904754,12.236400230995216
I1334T,0.12813659666001836,0.05904438976764493,0.016267393469871445,0.011209368814702638,0.00019619934118372562,0.0609671939194463,0.002090245102868394,0.01350069381751443,2.509860561486748,4.403815323865329,0.5243910525085855,0.2933144482511959,5.924188095122376,9.793035071827656,12.85264721018965,-25.044656341118642,-70.95561248954935,-77.25766470725179,-43.9454819898338,-37.93705312345776,-38.092707855772126,0.1618799274890229,11.325779362425608
F1375V,0.15245067028740347,0.07539905188839208,0.01489056560599266,0.01924340600961414,0.00015352858323943906,0.22867878690633925,0.003734137623389408,0.023589119074291787,1.970947756827339,6.761076601089787,0.839485225853006,2.1499732990703277,6.755321105890947,8.687030817410989,0.3769357936230191,-35.16123134288804,-68.3253046566283,-53.81880823864013,-54.04545832564737,-10.516019111285877,-57.6453611105409,0.8252039474857779,3.861636356746474
K1422E,0.1630336158983524,0.09408469685840445,0.022952476505809213,0.01801909333032623,0.0003996204155635901,0.1625503855128028,0.011076154955169686,0.013193168067986517,2.3276104168175715,4.692153360921277,0.9767478054499653,0.1777787494036721,7.637039879170244,6.7422222852662,6.093519253787773,-34.102784473526256,-61.11625353584355,-68.11865314781762,-56.56774662247298,-15.847153898371385,-56.60620997466491,0.13627314595492232,9.380664852599581
I1473K,0.11658990953701547,0.11993932182468042,0.01956568387476942,0.019989408397139165,8.887588889717481e-05,0.18285395292936132,0.0032197234064074605,0.00634432435004026,1.5908036304858135,5.4837124285964,0.8327544228463378,1.2118621323583587,5.682181419084113,8.710491239052939,13.085196921538316,-31.748133964745424,-76.35118755602886,-27.074392423146058,-40.03803901037192,-52.65419619824172,-47.768536303708295,2.830165430590071,9.040615152237192
M1490V,0.3380714915775742,0.09013136340161398,0.025712394696815438,0.01854277725353276,0.0003404044629881207,0.12592058965254987,0.008013391774131736,0.008226790739513802,2.289601426305275,5.835550042292994,0.8058343822410788,0.6693522946835427,5.760329120353593,8.886047186457889,5.9733245694423545,-24.155451306086988,-60.488477521934875,-77.41692349310195,-40.114984963535186,-33.73363659219147,-53.184249317587984,0.7672523706054653,13.419130866269455
F1590S,0.1604103587272341,0.08732477329065913,0.022498081711372145,0.014459445475465392,0.00047415785541387434,0.132080677370835,0.014382924387566177,0.019851391055660073,1.5797733266808442,3.030265220220702,0.8688080041057477,0.5328822810055255,7.729226189635551,7.516264788392215,5.935554718808449,-35.896239853452144,-67.39954145730691,-79.21676272588621,-60.74158205741702,-36.01816656442141,-49.69033569835543,0.7989117660107501,10.183435860460001
R1626Q,0.18782133198831374,0.0924389909031625,0.015705999497515298,0.012837890314805582,0.0005528477686079306,0.00015655970014944592,0.01089195196549212,0.013354397329189754,1.9346428296408633,6.7318605780699645,0.9574822721096936,0.14165380799247307,5.807768656486893,9.55816764866535,8.807898092477327,-25.946993764478627,-52.71580690138354,-53.19560126791692,-35.66045499460463,-50.27847191202843,-58.946114484334885,1.282130687276493,14.92653651262356
R1629H,0.11238725788888865,0.08888320106599679,0.01628704519464043,0.009161634659666264,0.00024571481293414026,0.19092554167159517,0.0002059325279567439,0.012800049320222329,1.5509059353360817,6.371842333256621,0.8419809765770232,0.018007937329949764,6.471473690649019,8.94172390294559,6.1681974375862465,-28.712363096370847,-56.03289839185245,-32.61284873760393,-40.11486697100523,-13.08703801829925,-55.91622279226972,0.39516637495347673,14.610945549535526
L1650P,0.12627331817191256,0.1471133904353179,0.025084892369208304,0.01040033188918278,0.000507369110432331,0.2752161539831546,0.01463145066323985,0.021497713786847682,2.6928577368826034,4.80804431497344,0.6004453527999988,1.7989027149027743,5.706049006568357,5.481536795376977,8.737682742909099,-29.65091659145075,-78.25626581166316,-37.693857209628796,-40.23972972519164,-41.67829887152851,-58.17664278807413,1.4097484269299723,2.646790790568417
N1662D,0.13443309172097404,0.1550302575526089,0.024834613531559222,0.00722975964292745,0.00035257955418299404,0.2715509977891627,0.0069487527693521895,0.029020307079725315,2.3007900442618365,4.981107977341132,0.07448775023986948,1.744064258101805,5.77155197958442,9.88925715062046,11.181454257784935,-33.550886388857535,-75.09290125911001,-45.72023275259561,-39.86440480009722,-13.495638181255485,-48.43204158052824,0.3383457586372628,3.475925659093414
L1666F,0.296390819821439,0.06660657703084336,0.02932893334441289,0.009402252150539477,0.0005369251073385448,0.035911354564352266,0.00022180136750819362,0.02567389010294119,1.8380151187914084,4.447282359458878,0.4252924445235433,0.4526817724606314,7.646851922607546,5.931492583392366,10.965953372258415,-27.365316047221967,-64.40453860999703,-74.16911097017109,-60.36491795447346,-26.516117663338846,-55.43607757648059,0.8432682808685397,5.661903306008736
S1758R,0.14677307732455835,0.11560690116516467,0.02620442853427327,0.01608415955554826,0.00035166423331131657,0.056608612305900224,0.011907018878373562,0.017003471889375767,2.551519909392709,4.4590070859599145,0.904101776700958,1.3997825544319742,5.697520515428508,7.232663589443712,1.54168740980701,-30.285274894639297,-75.45178365666219,-61.4153690682283,-39.89183168671908,-47.033527719066285,-48.81283365716541,0.9789909089245109,14.756704515498393
Y1771H,0.12655120459968608,0.11957348403726224,0.026322068859006283,0.010120521996233088,0.0003811172958202199,0.13425722474301358,0.017551103321137206,0.02276486619600432,2.651255148169718,3.4429150752596547,0.058559121453408414,0.9991718248904763,5.596463977958527,9.236605021030268,6.751904060606486,-32.963744309547714,-77.23196495890313,-79.97873869412409,-39.73996859315003,-10.119063371666337,-55.37710490850162,0.912942048317187,12.131605344666884
S1780I,0.3405909301293956,0.16380743043761506,0.02976927710474845,0.019606242619056087,0.0005679521872484947,0.2136944784205961,0.010396096866704375,0.014207390597127341,1.9988869994486225,6.4300431535512885,0.9802903514834602,0.0018982164031558085,5.835172363748512,8.31480822483682,3.0181516380867484,-24.782318209834916,-53.8107002609595,-72.24205159231637,-34.877188755877555,-33.00656867989213,-42.213877997934404,0.4434530943419912,10.008352211439751
R19K,0.3380714915775742,0.09013136340161398,0.025712394696815438,0.01854277725353276,0.0003404044629881207,0.12592058965254987,0.008013391774131736,0.008226790739513802,2.289601426305275,5.835550042292994,0.8058343822410788,0.6693522946835427,5.760329120353593,8.886047186457889,5.9733245694423545,-24.155451306086988,-60.488477521934875,-77.41692349310195,-40.114984963535186,-33.73363659219147,-53.184249317587984,0.7672523706054653,13.419130866269455
G211D,0.3380714915775742,0.09013136340161398,0.025712394696815438,0.01854277725353276,0.0003404044629881207,0.12592058965254987,0.008013391774131736,0.008226790739513802,2.289601426305275,5.835550042292994,0.8058343822410788,0.6693522946835427,5.760329120353593,8.886047186457889,5.9733245694423545,-24.155451306086988,-60.488477521934875,-77.41692349310195,-40.114984963535186,-33.73363659219147,-53.184249317587984,0.7672523706054653,13.419130866269455
R571H,0.3170239172425175,0.19992458371090535,0.02812173529302272,0.018327531956099142,4.0617263495419395e-06,0.19507851193630715,0.01589140919547058,0.020278784194682858,2.402297241372281,6.953658616823861,0.510209727208502,0.5638438912632477,7.328520851598185,8.065303311535853,3.741262885256002,-25.637427574476508,-52.786306896871764,-40.68328785996022,-39.986992713663895,-19.263687458904858,-59.29150837394824,1.8247582190059108,9.598689662194012
R853Q_b1b2,0.2570700854023402,0.07223321722622006,0.02416146302114509,0.016928571816756156,0.0001272911686256602,0.2549168437336104,0.011469752163710639,0.02194524846088158,2.218885122214192,4.721710747622356,0.7362250564863807,1.0428163157789152,7.3150785067998045,8.448080983001399,6.6809327396143665,-32.62834023067521,-58.44766588600486,-79.14346684128297,-54.65656577041083,-10.207878441375112,-44.08188180641907,0.2615570792841758,14.947694054852414
K908R,0.3380714915775742,0.09013136340161398,0.025712394696815438,0.01854277725353276,0.0003404044629881207,0.12592058965254987,0.008013391774131736,0.008226790739513802,2.289601426305275,5.835550042292994,0.8058343822410788,0.6693522946835427,5.760329120353593,8.886047186457889,5.9733245694423545,-24.155451306086988,-60.488477521934875,-77.41692349310195,-40.114984963535186,-33.73363659219147,-53.184249317587984,0.7672523706054653,13.419130866269455
D997G,0.3380714915775742,0.09013136340161398,0.025712394696815438,0.01854277725353276,0.0003404044629881207,0.12592058965254987,0.008013391774131736,0.008226790739513802,2.289601426305275,5.835550042292994,0.8058343822410788,0.6693522946835427,5.760329120353593,8.886047186457889,5.9733245694423545,-24.155451306086988,-60.488477521934875,-77.41692349310195,-40.114984963535186,-33.73363659219147,-53.184249317587984,0.7672523706054653,13.419130866269455
E999K,0.21990586498694448,0.10301687724481247,0.02270969652524171,0.018706597835102437,0.00032759214102746393,0.18622198507946433,0.012032944615899526,0.016700755722356585,2.6330072181700652,3.26981608263227,0.5216089280005015,1.1033219460805288,5.710325761290978,7.942118025261276,5.3757085315390185,-34.874073825765606,-61.81584484360067,-77.46718308789781,-47.78385938252091,-36.20364476513189,-47.67878579879582,0.13667092515891877,10.512778779485267
D1050V,0.3675437277858877,0.16471623804327126,0.016599038716142038,0.019631779169964003,0.0003724630223432994,0.1091110068221609,0.0035814316171162252,0.006593426351276054,2.765998024230771,6.31838792331545,0.7883118524902605,0.717979924147514,6.016363782044474,8.477896449297107,14.784100182344993,-22.741945749318504,-52.76472778299403,-42.359054964315185,-40.23206150794526,-47.52438385151341,-55.365921069231,2.4677238782116384,8.751412442426371
E1153K,0.3380714915775742,0.09013136340161398,0.025712394696815438,0.01854277725353276,0.0003404044629881207,0.12592058965254987,0.008013391774131736,0.008226790739513802,2.289601426305275,5.835550042292994,0.8058343822410788,0.6693522946835427,5.760329120353593,8.886047186457889,5.9733245694423545,-24.155451306086988,-60.488477521934875,-77.41692349310195,-40.114984963535186,-33.73363659219147,-53.184249317587984,0.7672523706054653,13.419130866269455
K1260E,0.3380714915775742,0.09013136340161398,0.025712394696815438,0.01854277725353276,0.0003404044629881207,0.12592058965254987,0.008013391774131736,0.008226790739513802,2.289601426305275,5.835550042292994,0.8058343822410788,0.6693522946835427,5.760329120353593,8.886047186457889,5.9733245694423545,-24.155451306086988,-60.488477521934875,-77.41692349310195,-40.114984963535186,-33.73363659219147,-53.184249317587984,0.7672523706054653,13.419130866269455
K1260Q,0.27573536514828995,0.12133284176150029,0.028882150766696896,0.00846023821040383,0.00011326815802696527,0.10385971415679313,0.009188631515757053,0.016432026457459215,2.452124597953734,5.057195257933746,0.7176561286836113,0.04839430939956946,5.865347721371616,6.950814145426628,4.501187939372706,-30.30791453176898,-58.91465521201193,-67.97367065363201,-45.081086587972315,-13.51220190058644,-54.58910110982504,1.652673451366388,14.976326587058256
R1319L,0.09349221300929822,0.0920662460289846,0.015740980323239596,0.01905443248305248,0.00013315155719062003,0.11065619825756581,0.0019754977110518455,0.016217975122457467,1.2222690737088593,3.6827608243067305,0.8617515444211121,0.012973436035845692,7.060832396520147,9.845773434807084,14.353392475676143,-33.29009493809465,-78.96640195774417,-70.9800435262756,-46.68797148877713,-23.06675631307664,-42.240889613425345,1.3449334832905957,9.62187285543805
G1522A,0.26366841747935965,0.05496087035577893,0.02348905941056535,0.018635868761285552,0.00040834851379848797,0.16829325539024512,0.005278451154899533,0.010175771624873898,1.6849451670030027,6.268511235897617,0.8588752919085958,0.1238234398451401,5.305382453393969,8.116984978706412,11.045901998307883,-29.66504948030343,-59.85414304887365,-79.47087125129818,-48.00934376996438,-29.974489229900556,-47.11164588479588,0.002934038179282228,2.1235482943397184
M1879T,0.18265163899798106,0.1493622626737192,0.01676040133331965,0.01121017107369229,0.00010818731042354861,0.13520011936369342,0.004635077144133656,0.0017564266050167565,1.6723355764042798,6.875458863030893,0.8014765172400742,0.3630225008731637,5.772399963700182,8.459346321284928,0.690325516414353,-27.36299944069825,-54.22438072838019,-43.83075910548185,-31.910564843990848,-23.610064675106642,-41.03217099033221,2.8383613947147106,14.16327046922111
E1880K,0.20008524199016844,0.06566618211290154,0.017467500546156145,0.005503665444144683,0.0004396099039741604,0.29026593520615673,0.007730417588958621,0.016697163897975653,1.5137704312387084,6.400117948307667,0.9913247889927457,1.5002261538821706,6.238565654290966,8.286753453898,6.308516951913794,-22.969165630295564,-50.28037555906838,-78.485297571267,-40.09368889651956,-10.840844726160613,-46.00645675020381,0.9550286834072813,13.057461463640774
R1882L,0.1752687660222031,0.05102311983390648,0.02086744321934721,0.01868108728899148,0.00020465724452855083,0.024085461639442998,0.006671427860070729,0.022629417284483675,2.628984908174992,6.207457287853816,0.514737038330895,1.6658530868833896,4.846139590054489,7.6208050150694575,2.590292883820121,-18.738448602960307,-45.66623155477066,-74.9673355770313,-35.149818334024374,-52.41828462926225,-56.741241364863974,0.6258024585874049,14.197387528653945
R1882Q,0.2475582366027324,0.07927214191553893,0.02093349028084322,0.0007472860156779264,1.5230979549604022e-05,0.048841308410614674,0.00602984081830873,0.02820171095754885,2.6472525868201036,6.0475451034309415,0.6756849366292822,0.9694186531991292,5.616184882677683,8.220352401570626,14.046910536232756,-23.3300440365342,-53.502277322579545,-79.90360710970097,-35.09461557545267,-19.029441887333466,-40.39913709527713,0.7256665808935034,13.328784044528954
